id,score
2a988c7d98568627,0.30985916
75a3ae03b26e2f7e,0.25
0126c870aede9858,0.32894737
2cf662e1cc9b354e,0.19117647
8dfee5874de0b408,0.1875
d331c441ec3643bd,0.21875
169262b0c9442e2c,0.6666667
e3325b35b581bd38,0.30833334
e5510a582d3ca042,0.2735043
e9d1fa3dbea813ca,0.30135134
28d9c9b4d5aa4f09,0.38402063
4942e1487176aa51,0.44230768
be57a054fb0167b6,0.25531915
759650421eeeef2d,0.25
1222e36d9a94c2a4,0.295
848c1d68ce0b6004,0.25
3d421596087818f9,0.47916666
922b998806737738,0.55
20c25e0484cd440c,0.6818182
d071d054cd248a24,0.48809522
b6c39550734d0c44,0.071428575
e7dbda2255e25caf,0.545
7ea03f90592a7821,0.31547618
7b51b45d61e8e940,0.2300885
a58501cd04fd397c,0.2977941
32d9f6063af4e908,0.2769231
4857287cf466c783,0.23076923
8b17669323d0db28,0.25561798
76f4978f0b4bf94f,0.37068966
84238083ce1161b3,0.58928573
aee050f9381dfc57,0.14705883
8843c97afa2de803,0.89285713
e4b4ab6066a29e5d,0.2300885
cb7a680bb907fcb8,1.0
590d49b1e76bff49,0.49671054
7c69b1f7f20f62d4,0.46969697
7441c8d8aeafb1e8,0.38636363
55917d7203871909,0.625
de2a6dab6f23fb80,0.25531915
8af2c5662a9bbe6d,0.25
e3a0e5a1402756cf,0.11666667
9abbad1eb2b35425,0.25
acbb6e15a95de004,0.2807918
4daa052bb03724f7,0.25
52dd2455bfc4da0f,0.6145833
ab5f1694ae14427f,0.28761062
f8e53e9a6831f28e,0.3716216
335c83ea0a894f22,0.21646342
97f9178293602cda,0.215
69a29bb304e09fcb,0.17708333
84090fd206460614,0.2807918
6dfd197cc7997cb5,0.29347825
411a2a856f12c204,0.29347825
0a4619c47b9e64cf,0.29831934
b95a60c663054417,0.075
1f2e03d7bc3dd72e,0.3125
0fed268a2eb3ae02,0.4680851
8042894aa97125a7,0.5086207
ec1a00f2b5ba3a1d,0.3090909
cb2f68626415903f,1.0
43659b4163919cd5,0.33582088
6ceb36bd93d5cf69,0.25
2eb6cf7e9e805bf3,0.41137567
392c5b8b62adf22d,0.22727273
b3d27db2d453e33b,0.4861111
fd3550983e96f72d,0.11764706
e6c49567da70931b,0.2807918
423541d38104ac34,0.1875
211900bc1e04041f,0.53571427
b6106a342129df59,0.21511628
3a421346d9896c94,0.2948718
ca967c1383ddb364,0.5219298
e12ee565a57e88a8,0.1764706
f02f0f250f9b23bf,0.58189654
fb01639138738030,0.32089552
9d29b525e4695646,0.15151516
ff0aab3e3d7ab561,0.21666667
4e8bef4c8f3c0815,0.3448276
9671209f34a6e3bb,0.30135134
9add5505da5de098,0.32089552
bbbe1a0a46c46ff0,0.375
edaac5279d187a17,0.44230768
9736a629bca8f184,0.21646342
9aa4f7e38580955b,1.0
df274e66691e87b9,0.3266129
a8553449e1fbe521,0.4375
b7d1d9254894e416,0.55625
1ce103573e2946b5,0.4375
39c0a389c1db14c0,0.28846154
2e307f978f9996b5,0.41558442
b4da2f24926e2542,0.33636364
55215d7a883b271e,0.21875
f002ba3a5e996134,0.39634147
ded4a57266e967fd,0.31343284
5bc364d9eb98c7bf,1.0
8ff9f39437587e62,0.2685185
cb14a3d2591cc67f,0.33333334
d4423055bfaf51e8,0.25
c2096afe3091cf08,0.2807918
6bb80062c155aa2d,0.25
e6bac1bafdc1266d,0.29347825
47684a747ad281e7,0.2735043
2a045310157d125e,0.265625
dd79ca14698c770e,0.27906978
776880ca87a94334,0.41137567
b564f56e2a62b79f,0.27631578
f1ebe2c2bf3649e6,0.75
8f042df67a20340d,0.071428575
7a54edf0a5f118a5,0.59615386
163c137a2ffddc91,0.44444445
314f8cdcff484863,0.50595236
e33e067d647ace31,1.0
8b3cb8900eed1bc1,0.390625
b4021ae5ed98e185,0.29545453
21e0464457d4b927,0.4375
39645ed905e95af4,0.24691358
cd12eb13adaec8e6,0.54285717
bce5c964e6590aee,0.25531915
abfb22a45fc05bd2,0.4875
dec529091396a888,0.42307693
eae6c744aef863c4,0.27906978
36704b86d1d6f97f,0.0
4a75e273be5d2785,0.44791666
0740b70fc1dea034,0.27925533
32a1065d20325624,0.36842105
ce1eb2754752f542,0.41666666
355879fd5c6dbd70,0.26086956
2c3f992b0a4d4817,0.088709675
e0ae2bf052332280,0.48333332
5729c46980148e15,0.26190478
7a5e7c27ace89df7,0.2807918
3e8c240e1cb7cc82,0.2807918
be9dcd29b777c50c,0.29032257
f9a29ee3f2611465,0.2837838
3ad51d1654fa78aa,0.36065573
41a7b07e2eb1cbeb,0.3026316
84a222215bcbfe85,0.25561798
c34ad64ef5f57ecd,0.28761062
f4a6f1e1f575fd4e,0.59765625
b3e3ad5ca6f94ef5,0.415
6aaca02d5723d23c,0.083333336
3c949150b3b5b4f9,0.3452381
996b78cb7e685ae2,0.6707317
542e79f49cb94d73,0.1923077
7be6c64291863860,0.28761062
61a46855b4c4d100,0.14705883
f004af7ca9ed2b6e,0.35714287
0791dce43c1c4176,0.27925533
453790314fedf4fd,0.26190478
3e5b6a4e287c7d6b,0.22222222
e51f093cd45eb999,0.23579545
290f0ef44f50b6d8,0.125
acc6ae7d3971a603,0.20833333
30e73e9eeb368ac3,0.24489796
371528b5fa3cc83a,0.39814815
59e4dfc869587699,0.19587629
656679afa940857b,0.25
d3fbb45eae5e3bbb,0.50328946
c6bbce26dd62236c,0.31343284
2e1a965da52f3b46,0.19339623
e129ccdf2dad9041,0.31547618
cc7ff5a59c586ef9,0.75
494546d0dd98d6a1,0.3324468
73fd879d51430051,0.22767857
a99b88aeeddcd62b,0.23579545
b925c94fa6c1b829,0.5086207
08fbb415f2be7a99,0.5
60a6b8e009964d15,0.2837838
d8381a1c5bbe035e,0.24666667
5c3218c1ab5a8433,0.21875
a6393d4f440207e5,1.0
c1cb4d73b702d55c,0.34172663
5255c0d48fb50e49,0.20833333
70f8ad729f0eeead,0.5086207
729189c28a218cfc,0.3292683
670428ac2e5807e2,0.29615384
4e503b64a50c6149,0.4212963
a262d3de042ef44f,0.19444445
5e2ec02b107bcb04,0.4329897
8664b739eaefc37e,0.36309522
3507eb556b733257,0.28761062
e6ee6c8ce755b0e3,0.23579545
4bdbe5d65bece6f6,0.21666667
fbb27a2a0d470478,0.31343284
cc74a74b101b46fb,0.425
50f3c19cf502ba9c,0.375
370a252f6852f7a4,0.415
d98f89666159a175,0.31962025
a6022f452d1b91a0,0.54444444
5d18136022e32472,0.54
42d9d8a70941c93b,0.475
5233d8000582fbbf,0.4375
76444a4b09e8cdfe,0.5
aaf5a8bcf4b1512c,0.43421054
cdd89c4a83656a94,0.28653845
f0f751fb42d28c8f,0.19736843
b5118efeae05c0d5,0.34895834
15a1fafcc492dd06,0.53688526
e5c9992887878d7e,0.3030303
0ac1cd9b6e67e185,0.25416666
cd0b96f1d4053177,0.38333333
24c7c419f398e085,0.36764705
2ffca3f8ee637c51,0.53333336
0a7fbd44924c0b96,0.4919355
996b8e1d07ffcd7c,0.28125
24acda99a8922069,0.265625
79e8f46b9d58948d,0.3448276
278f117b2298baf1,0.575
4320c8639ac69f81,0.75
46c8c362c14174ec,0.24090908
af9d3dfad510bfe0,0.23076923
a1a28e6ec2df77a4,0.275
53e7b10c7b898f41,0.36057693
742706256f664d02,0.31666666
780d463623594017,0.33
b253958e34ce2626,0.15
a006a9c72fe6b902,0.32089552
4f1e0858e90bc7ff,0.3068182
fd5731d40bcac68b,0.3640625
b8a96cefa30425ca,0.31428573
2ddf830520bfd67c,0.5833333
fa5af47563c4699a,0.05
2c97676b79454dbf,0.22077923
88e5e5ea7a2c8f55,0.34172663
837575dc9ff22cff,0.39634147
54e39fdc2f882fac,0.25
854f34664f1d44de,0.35
c2285def6a32997a,0.578125
5ba802bed4576a8b,0.29032257
b97b04947147f112,0.3090909
87dbf8a08f8be78f,0.24666667
797f73348453aa23,0.4090909
1886957ac0aaf085,0.15686275
a8c7787a6af1df1d,0.32089552
f5e016401624e9e6,0.16826923
10d6690b15f512b2,0.3324468
39324cacdbb2f8ef,0.2807918
3a084cd4a2950a28,0.28761062
070d468846332e03,0.05
00a1e5f0484ca4c1,0.6160714
81bcc884193f7f2d,0.3472222
2d80e6eb5ad3cfb7,0.21511628
ae106b698c90f354,0.54
23b2d6f1da0d9f39,0.9375
ad822fe62ad29fc0,0.2807918
82925017dc9a0919,0.5689655
55511433602e63fc,0.415
9f05914b07dd1242,0.3640625
ea70da45d7bd6d28,0.23076923
68ef8428e730786e,0.0875
3f9770970c2afe19,0.083333336
63e3884365f2a399,0.23461539
04ba4d777fb0e822,0.24666667
bac023caed41dc15,0.545
0c5a5819bbbafeb5,0.2948718
2b43c7c926fff00e,0.35
c92b09f6868607ff,0.625
7d1d7d02125776b0,0.29347825
13021a0f790e06c6,0.34615386
486ca105ae647727,0.20833333
d228e78566599618,0.4212963
560f0363f001fcd3,0.26086956
31ca72b11bed93c6,0.515625
57a9d6ec68c3438d,0.2769231
f05e6a41dfede17e,0.51428574
8f5770fb043efec8,0.11956522
24b732a6ecaf3695,0.19791667
576922e1234a5cf3,0.25652173
c09c1155913dc1b4,0.25
ad7e0d56897281c6,0.89285713
10f2496c2529f998,0.41137567
6a29a9fa8a81d3e1,0.37068966
6532e260f666e0fa,0.065789476
2fd6a06d7e86fc18,0.3640625
c744c9058f219f41,0.5564516
dfc733e64ec41b04,0.19736843
3eb6c2f6e15458ac,0.18333334
9e78c96a74e1472f,0.30135134
39bdd309e7f4cb58,0.29166666
9963c0598f64b1ea,0.55
cea6adb98462ac3f,0.25
567c8e3e39d3efd6,0.29274613
6ca122694708a634,0.25
cb5702aa692ae321,0.24489796
3f5dfa3b45dd8424,0.36309522
4455c7978a750df6,0.415
64129e7d79684aeb,0.2767857
ed646519b27e8b6f,0.17910448
00523ff8ecda6286,0.3897059
f29f71321ca3a675,0.3640625
a3bb0c066ee705ea,0.34172663
71df01a0d2c1e892,0.48798078
ef22780cf22a502e,0.4329897
2d1046373aa8d061,0.2735043
c1945e591ab7177e,0.5714286
65828e91e995a71f,0.41558442
65658aab6858896c,0.30769232
9eeb55f03355c8d1,0.6707317
4e459e08ac38a96a,0.4375
c08b94171dafe2ff,0.3026316
1dc81c204aa2e933,0.24090908
92f349031e7ea15c,0.3888889
c42ac20be184f518,0.18478261
b0afc2810821ccee,0.27542374
1e81591998811a20,0.4
e908fcc9f42b2cbb,0.59765625
1fc9057b4a8999b7,0.53125
9018915b15d779cb,0.50328946
f5087709723c5b3e,0.3897059
1942b493ce51cd18,0.25416666
ef161fe6c29104d6,0.4329897
b8ab288e0997a750,0.4527027
efef213b545731e8,0.17857143
eb7f9ed254e33b4c,0.2807918
9059ddd619cc9880,0.11764706
413f30f67447e375,0.21666667
27006c7361eba4ad,0.265625
87694e41326d3545,0.23148148
5f1e26edee03c8e1,0.27906978
861e2222e185862d,0.4680851
122308e87b47815c,0.48863637
510b858a8aaf0a8f,0.14285715
ee29ee2c093716bc,0.47340426
2d73b248b3d6e1a3,0.27542374
9f27b61b545a4441,0.3152174
63acb229dbe4b968,0.3448276
6f127a1c26f2e05f,0.4642857
ca71e04c8773a6c2,0.28653845
bf8154048411822d,0.2767857
e03e11e13a0ab9a7,0.4021739
c5fe20c7768dc7b7,0.24090908
ac99e4cf70809696,0.24090908
9933486c7165faba,0.5769231
d95705193f71a0eb,0.39285713
fb263f7d5652571b,0.19587629
3b912bee05a9b19e,0.30952382
554741a61d348b3c,0.234375
5a54a91e7c6f0663,0.1969697
db7e4bb5697c4f12,0.40163934
74b5e5cce2012a21,0.36057693
e6ec958f6275eb5f,0.6875
f1646d982ae2182e,0.375
d882501c344763c9,0.5
1772e117e55d8ee8,0.425
0f143a2919d9390a,0.45895523
3b1e2666f152bc07,0.17910448
81e13e544c09b406,0.7291667
ebe399dfb395a11d,0.31854838
22185da97a9cce9c,0.47435898
46b89f9d138a2a41,0.28125
88da33483522a6be,0.2
2ff195c4bb2d8d23,0.20833333
eb5965c41fb9f503,0.31343284
83e5ca8b42f2225f,0.3716216
f7144da69861ddf1,0.21794872
1e5886839a729342,0.38235295
fbd50ca8f1e1feb8,0.525
567d1b2f37309ee8,0.4375
8c4271d2d1b8710c,0.53571427
6a38764d96e1d82d,0.33536586
608892ff20866c5b,0.9
a5dab490fd502847,0.51626015
0b5e304afa1dfb2f,0.24264705
6951e0b4d13ec4fb,0.35
27adcf7afa3abc5c,1.0
ae381de921ceb6f9,0.3881579
1fd75c4120ff25de,0.23461539
ae958dac97334d43,0.31962025
e8fdef46db333a1a,0.23076923
172c6d03dcac521e,0.2735043
4a6917bfeb7d1d5b,0.41666666
6f725686c1fdce23,0.29347825
8b40b02e79c01ab0,0.31666666
dff99c1420ad2374,0.125
def6cf326cfcb289,0.29101562
89e7f676fb0cccd1,0.33888888
927a3dc01c9d1436,0.41525424
3ed903e0394f5ebc,0.375
4142b12860444d0b,0.5
a3fe047fa6834724,0.31962025
19da11b256fb21a8,0.23557693
25dd8a1e9411f34a,0.50409836
38f03d4406be52b5,0.45895523
9feb4e0cd486c372,0.24090908
b9121277a75fdf01,0.36643836
389fffe32610c4cb,0.4375
682d1b2433db8e5b,0.29
3aa5d820ab583682,0.4527027
87af8ea095cc18d4,0.22077923
53dc1e44970bce10,0.55
23b36580ae034f27,0.23717949
891db077c914e0f5,0.26190478
dfedddbb13689ee3,0.3716216
2f431da22e2aba45,0.125
d78b43aff8b1f911,0.25561798
813187a9485496a5,0.515625
74638504dbfb1e23,0.23148148
cc065bf86cc4975d,0.19339623
b93d9e072d8e88c7,0.22767857
aac81f71d572479d,0.45714286
107ecc43c27d7d3f,0.25
fd60bd1ca019abdf,0.5416667
84c219d33272af08,0.44791666
4e2a553893be0e5f,0.31862745
94dc1c65cae4ece3,0.036585364
c82c38e907fb2e2d,0.19444445
259f0a0893aae486,0.38333333
256bd81f2c092d8e,0.2525773
4f1d9f8bd28035ad,0.4
0a49bef9445fcb57,0.23148148
9d4f64ca58d6eed8,0.58189654
1233eba76fce28f2,0.9
2f4d804ccff4cea7,0.3172269
a8583645cf2d44a5,0.5648148
6c76ac824f9ec02f,0.25641027
22fd47e7e6bed165,0.40625
93dd35023494f999,0.18548387
dfc4d743954ba729,0.2977941
5572939f8ab09c94,0.5217391
7c393a507a9768d6,0.31
3c92b497cfbe6922,0.578125
76ef117bfffce607,0.25
e2dc871b628a20a8,0.34
3e96febb536ce1d3,0.3324468
56070eacd5bfe0e2,0.097222224
87de315568318f4c,0.49390244
1c87d23be7bd0519,0.3266129
cf5d1b7175597165,0.3125
90d4e40ec8545dc4,0.3883495
7f26f0402f9c146b,0.23717949
e824107c1798e0d2,0.21153846
683bbbda9acdf266,0.5625
a1d773cd1a85243a,0.27469134
552a8f79701c9c40,0.625
a1254c01b48ee523,0.475
886fe1c4dd63bebf,0.6304348
c8a8854a808c86e9,0.30833334
1d31c93a3bd4f2b8,0.6125
10d1d35c1fb25001,0.425
9e31977d27687f1e,0.2525773
229cd5f8a1cc9d94,0.16666667
1a9040a4ce3080df,0.49671054
a32f5510e47a0f95,0.19736843
bdccd5b4fd005c99,0.29166666
13375d8f756bc375,0.54605263
07270654125b6d0b,0.2244898
9190da1aa2575bcf,0.58928573
7abf3bd00f066f4f,0.36057693
1ebffed84fab2ca9,0.5365854
e422a84240fcdbf1,0.41137567
3450f20729662045,0.5
012f29dc558906d9,0.30555555
50756320e4fe3525,0.38235295
9d0b9df78d35d80a,0.31666666
978473e0a6ed7190,0.16666667
6476c74d85101515,0.5625
03b4e69b75aefed3,0.3950893
3bb62f1ec51ce18e,0.21646342
08a0316d8595bb70,0.3026316
3f732b027e4918f5,0.21551724
defd4bfaa30d51d5,0.52272725
5670fa862c1b4c0d,0.36818182
daa71a9896f646aa,0.415
c60a800a99f61530,0.5530303
d609c3d28f4f3fe1,0.27542374
05092c9107ef3a45,0.5648148
65c8d9ad8c0d1c19,0.4903846
5687d7a8a2ee0516,0.31666666
c467efbdcb86c551,0.34183672
cc064489bbf655c1,0.6145833
75bb099a9dec50d4,0.16826923
83ec083116ae04b3,0.44642857
2c9b89f38c0dc188,0.19587629
05495f1fcc0cb91c,0.44642857
0f5bc9a1f610165a,0.44230768
a25169f2872f6e6b,0.45967743
c8e84afe7ae36cdf,0.23148148
ede41dd2a61bb0a9,0.2
c69d9704a387bedf,0.13636364
797a786ca0be39fb,0.25
0e992d327401165b,0.5217391
0690348819bd2e07,0.25531915
79df3771ecd1dd2e,0.21794872
cfcbed35054f21b7,0.17857143
134761c9df9abc7a,0.525
76d4070823a41a20,0.5540541
c356fb40c49eb8c0,0.5147059
c6f4c2c171fa3dbe,0.6171875
dc6b084850b568ad,0.85714287
0fe44dd61e389881,0.2685185
8213a08ba205a216,0.22222222
315f532c8e37e265,0.3640625
969175aa0f23da51,0.70454544
b762e9ca33ce34aa,0.8
a96746b2116fce7b,0.58928573
c171580ac9700b96,0.5564516
388bebd33ab89f4a,0.29
a3808c4ad77ad77d,0.29101562
a9674e86d6296776,0.5
4f968db1059feb98,0.38194445
115c1a5506d0beba,0.31343284
620f63285ad5d06b,0.16071428
96aa8fb83c6fc0b5,0.51626015
4c9294693de5b95b,0.26190478
a97398d28a327ef0,0.2300885
8204331281f66059,0.25
5955cb91d41e7044,0.23717949
ffeaa75e0d4db61c,0.295
12dbb18b9b9f1811,0.5833333
bdd4ddb65495761a,0.22321428
7135bdb5d586455f,0.6032609
3c7a278dd79857c4,0.21774194
9ab0fc1c5e29bd4f,0.31547618
5019c6b9ea2a7ffd,0.2735043
8a2f7a09c36e7f27,0.2767857
053cd102af2a8015,0.2761194
15eba575dcaa1dce,0.265625
b241dab20ff5efe2,0.24019608
64e5da6a84532811,0.36643836
03b8c54af3f4cb9b,0.545
89bc14151ee77fba,0.25
be594147666f2334,0.0
a7d1b9de5130810f,0.3409091
6dec01d737c52358,0.2769231
9c5e961e7352eaa8,0.4329897
0ec2ebee66933c51,0.63235295
8d2b22a378f4dbf8,0.5277778
1f3d2a2449b64071,0.4875
526049e8764e991c,0.4375
1d92dbbcd86ebc59,0.49671054
4a1c9a8f62112324,0.23076923
ee1fbf24d9068a09,0.234375
3d59e41aedea3e5f,0.6875
171e65cb5cbe1fd0,0.21511628
67065c9142bf66b4,0.39634147
bc962881d9fe8051,0.29545453
8d73e8dcd371e432,0.1875
f3a85d213879232d,0.31962025
5fece477bcef0123,0.75
46f7cd050463fc99,0.31854838
ba66727e65b4ae1d,0.31923077
49ab7e739f628382,0.5
f1b4b3c80455fe76,0.31862745
bffa421860121b5b,0.45967743
899a13cf575f5609,0.25641027
4daa2a4ff5cb1553,0.640625
3f57d44c81b80c9a,0.27272728
562b0cc0c736842d,0.26190478
3f0f52a1a661271c,0.2807918
85517b32188f19bd,0.675
67160bcf7e2da43c,0.122727275
c6c2b67e90ff8f40,0.31862745
d454381f08ed29af,0.5625
d2ccfff366f29bba,0.4642857
d561ddf728f88157,0.25
3d48f31165b99623,0.4090909
0940d9c140ae17e7,0.21551724
214d55722d50317d,0.6707317
6e0dbc5d28b0c460,0.3472222
37d89cc69715dd0d,0.5769231
9674e7529bc53bf2,0.6125
015ba4fbc565314e,0.30555555
b880f5d644760429,1.0
82d9f8f5faa46873,0.23148148
71af13dc603b778c,0.19117647
9f5978d967314065,0.25561798
2571e362177e3dbd,0.17307693
a353162e4bd6ecb9,0.30952382
3f20d462ab70cf61,0.23809524
d60cc886efad9890,0.14705883
252b7f05be6b1ff7,0.78846157
b9992e17473e5c5f,0.390625
2d342c49489155a0,0.21875
402a1ed5b3efed36,0.25
e19c0f32aaa6f26a,0.20714286
d339c98f85fcc3ec,0.58189654
bedd4768dd1bb5fd,0.60714287
75974d6019242c17,0.3
e9fd80feac561046,0.5
e56e7d8985866600,0.25531915
158ac8b0e5a7c321,0.125
870160868edfa8b7,0.31923077
b75c962004ae9d23,0.12951808
f7a2898241c01a82,0.421875
2349682048cd0d3f,0.5322581
a6fd41fe0b1d86f3,0.5277778
fc1911c4df674b96,0.5365854
655900600431b77d,0.5714286
1ed1912d8862ada8,0.2195122
b9cffadbbca20491,0.5833333
2e9ab8bf3d350de3,0.3068182
717fecd95911c476,0.34615386
28501c0820eba8fb,0.14705883
43201497aabcb994,0.24603175
e88bbfe72f2ebb19,0.25652173
09267af02f6e505d,0.42105263
b24af9eb4943b4a6,0.16826923
8bc931e8e1fdaa12,0.6034483
0e52762b41bed7b7,0.25561798
0a7754910069b347,0.21875
76ebb2dbd7a6fe4c,0.30555555
ee9ad7ac555394c8,0.484375
e62350d5636244dc,0.28761062
35ae4c65661f2165,0.25561798
5b16f16ec334a3fd,0.26020408
e460630c5af44166,0.36643836
dc9245081d5f66da,0.34
69a2234fbf22d95e,0.12676056
f8f8497c921aad0d,1.0
ba710bc4c565f774,0.19736843
44bd000d2115361f,0.75
88d696756842c05f,0.28761062
c1b7cf683456b724,0.31547618
66fd14a18e5010d9,0.38235295
f8c546dd89e5d757,0.25561798
9b3da8936411f241,0.05
d24e82ca146040d3,0.48798078
906eb3d7d1acd448,0.35714287
7f81c32c4485e93c,0.3716216
b64deb1e80936ba6,0.25652173
6aaab0055744a9af,0.41137567
ad13855715768d00,0.17910448
7301461e4750a744,0.46153846
2fbee84539a47791,0.5689655
916a43ef10a5a6a7,0.21646342
19adfb46521689ba,0.625
b658fe8b35c53102,0.25561798
3e6456d7aa64fe10,0.22077923
992a76dbd1cf91cc,0.23557693
8042b9efaccfc0a0,0.24489796
491196cc5742a507,0.6081081
8fb2f7e3176827c8,0.2807918
49a48f1eb931f895,0.4921875
57f4dd45ad67cca5,0.31666666
349bd8aa2f9b2a74,0.2767857
f7caa8a1aca1092c,0.21875
a8515afdc661dc20,0.20714286
94ee14814f77c8aa,0.31962025
41ae6c739d6c3f2e,0.5714286
242c72e76c3a354d,0.54347825
b35cfc5f8de4d14a,0.2647059
4fa0667fc3dd2cc4,0.0625
6245bcbd83a657a9,0.4673913
812ca6096396551d,0.25892857
df69844218d3d7d5,0.29347825
1c1cb49f1e617fb8,0.37272727
e7be9a616d5f0576,0.35546875
8d6163d40eaa4156,0.31547618
2f62a1e266f5f31a,1.0
01790dc3d53438b7,0.3716216
97c784fa8a37f389,0.50595236
1438da8002170572,0.4919355
2447fe88bd37525a,0.58928573
f69baee6de211d08,0.54444444
3ecc9113bfce0a85,0.6111111
3818324a918df88f,0.25
ae42b6e39ed0fad9,0.16447368
75d8c33493750cff,0.28030303
d46c008b54da8b1c,0.13
e9fc3e86c7725150,0.4329897
d495f61039db8237,0.25561798
ad05dcd76f9345c6,0.15789473
e7bd0023a802203e,0.30135134
ebe15c7a4eafef8d,0.31343284
52e51504607746c9,0.3172269
3e80f5ea7a659cd0,0.24603175
412abaaa93476520,0.4642857
eccb86842f66efbf,0.088709675
d6531a772d7b648e,0.25735295
1ad52b5c8e72bfaf,0.3
670c6744f54e84da,0.071428575
0019b063a0fe1dc8,0.2672414
987caa68250fe221,0.3266129
766ac72fe47ac61a,0.36057693
0c9afaafc4c09c46,0.23214285
b3dbb3e25c45c19d,0.32142857
663316ec868dbe7f,0.41666666
cf5b3377485a5da5,0.16025642
c367eaf12c8eac53,0.5
4dda4a0605af9cd6,0.35714287
e8fb62c92a6e2730,0.4017857
243776260b4591bd,0.3068182
7f2d4de7a355e41f,0.18
b74a7f0a5fb55443,0.2525773
a8b5ba5958ffc200,0.17460318
1f4d3466eb2abe3d,0.58189654
24d58de496ad7d09,0.24019608
e337be7ad274474e,0.25
160175d54de8af27,0.2647059
c891d552c115f7e6,0.46153846
51f36b840cbc0629,0.16826923
2f50d055debf6b3a,0.2807918
aa1047123e6e8a23,0.36309522
349a8bd8fe9fa225,0.3888889
0515f478e78771e2,0.24691358
ae9d57003363e570,0.3716216
358b578c7a47ce95,0.38636363
28545c6300bc54a5,0.5
2f8d9b6804fe2e4e,0.3090909
23cb6a83d5426da7,1.0
bc8d553c8cefa81e,0.5217391
eabbf44f7b56e181,0.3068182
7c994ffb2a1b8fb6,0.29032257
e5d40c50776b24c5,0.27542374
01fca949177b897d,0.2807918
dbf0911961bd7c41,0.31862745
43271e3f65c4ac02,0.32089552
bac9fca64d916553,0.21646342
449f259e28644e9f,0.3855932
8213a7d0dc241d7a,0.2995283
de69548ad79caccc,0.4375
7f0c519ce8e2d86c,0.33636364
17255182ae8afc39,0.30952382
1657970b3d219016,0.50328946
2b2529aa7f55b772,0.28761062
12ca31f018a2e2b9,0.29545453
8a4daac87437d22a,0.12951808
d67a0e9ec3d465ce,0.31648937
7e0b121c7c39b567,0.30985916
e5f291a584e8c82d,0.30833334
f6172baffc1425a1,0.27906978
66263300a1c281ee,0.37272727
e50325289083b87f,0.33582088
eaa67d742d8ffb13,0.31349206
68a62f228d916fe0,0.25531915
a0275280ee9f6c97,0.17307693
7f41c25529f91c6f,0.22083333
e556d8bbb0cb6077,0.27542374
b96b3537672d9c96,0.6060606
6895ff06a9e90325,0.33582088
a5f668110cfc2bc3,0.30952382
448887babd70c520,0.19339623
83e13309084af2d8,1.0
23fffed0def55ea8,0.2
80039baabd576f25,0.34172663
65e5fae57b872a86,0.34172663
2334a360d5c37fbc,0.44444445
1fb457e4ecdc0a01,0.515625
2e9a5d79196fd5a6,0.8333333
272acb6a3c33ad5c,0.22077923
42b721fe1bef1c45,0.5689655
4a3b13ae50ea4fbc,0.2769231
b542fc4c32bea36e,0.4117647
eb4689c904265a03,0.2807918
c86518ff5fdf03d6,0.25892857
e68c822dca7aa96c,0.19897959
16892eb91144106b,0.24603175
7ffbb91f502b280b,0.50595236
6bd24c19eb2568c3,0.51626015
6046046bf9cd55c5,0.4318182
e6a541e2e68bca8c,0.6032609
5ad06f6e7a3cc773,0.25
6bfacaec920af080,0.19117647
28a8eb87b19808a0,0.2807918
d56fe9d42e27b3ee,0.625
833214f53ff01f04,0.55625
798e97107cc4703c,0.19512194
3134183d0d18b237,0.2300885
a81ac72899f4d91a,0.725
6a7b2c7c8a1790e6,0.31944445
7f57c02ff5242797,0.3172269
13107b7cbe233c4f,0.3640625
d7e723bb6499ca81,0.36643836
83fd11bd0b63a40b,0.265625
d166ceae7b653379,0.42857143
20d84bef2e39baa5,0.25
b276b48f4c60f5f2,0.6875
5fb701932b6dbced,0.5540541
5be4c1a8b47f0d49,0.5219298
bc0e677c19ffd289,0.234375
e3858ea9fc159080,0.3448276
9b1146cd78447410,0.31666666
36f94c45238cf247,0.31862745
4440b4f67917c6d0,0.5
5ab45d9b4f7ef4eb,0.4375
a2c2ae8cc5ad2bfc,0.25
039ed2c0ca5f1d38,0.29101562
a7f36ceca25b7278,0.24626866
4bccaeb39ea9a70f,0.53688526
7a1a262633367570,0.19583334
479ddcfc106c7b63,0.55
af5b4d8a49104f37,0.43421054
d991a7ed746fb4cc,0.29166666
1c59bda05dfeb534,0.17105263
4048f3440e63657b,0.3611111
a503a3d891593893,0.4375
bcf072fc4130af1e,0.33888888
7bf7ac839c28b548,0.44117647
f03cf7d047b8be6d,0.45
c3a89dc9658a66f5,0.2300885
299c3da1c603eca7,0.25561798
befb10465b871156,0.25416666
156e4928c8990d30,0.50409836
1e795f86508a5851,0.49671054
a20a454f0a7191d2,0.36363637
5dd762df95cec464,0.3266129
5e1c58d13cb41075,0.2244898
785f8bd4c8349280,0.625
b46f063352569fec,0.37272727
1c0981aaa881a85f,0.16666667
6875d60f8f0e731a,0.5
ca3aa653d33ab0cf,0.52272725
499e9a1cf5d847eb,0.51626015
6efaa329aa278854,0.38235295
fa8427bf205ec69d,0.17460318
cef450f21392c146,0.29545453
34b39cd34adf8579,0.5
679d4c8bdf355931,0.20833333
fccf36c855cf118f,0.53688526
5c0007d167e8224b,0.53846157
7978302ce1302db1,0.2807918
c7e11e374c52eec4,0.41666666
fbd4bd8dd26be865,0.35
12b6186098fc8917,0.8333333
fb113adbfb6ed572,0.29166666
cffef362aedb0084,1.0
c992895c6583356f,0.75
482c7d1cd86f8df5,0.45895523
0d9494307dff974a,0.41137567
910b74fc68869159,0.38194445
777044ac14ff0597,0.25416666
ec16b3ea972c4dbd,0.575
23df4322a722c557,0.47727272
f61909197347caa5,0.25735295
091d501611cabd9d,0.41558442
35ad64716a1f895e,0.29347825
a58ff4452ac0e9bf,0.390625
01897c0a2bd68b5e,0.47916666
6d2e4ac513f89479,1.0
6bdc119ca428c016,0.19512194
1c91a6cb9f524160,0.28761062
237d017a92294b96,0.2769231
2552ab8ec80d3195,0.35546875
4356683b220b69af,0.5217391
3ab2b37192725bd8,0.27925533
d55e8bf16b15c804,0.29347825
f6a77c2522ba5ec8,0.45895523
6c2d1c279a5acf08,0.17910448
fd684d646753f27b,0.47619048
70b628392c100c75,0.26190478
ada4d5d9a4cfacf1,0.390625
895794bda535b343,0.21875
1b3a71184b9a087e,0.33333334
1add29b2bdd519ea,0.50409836
185d28e3f6c7cc86,0.11764706
49f7a6e1131a2e62,0.15
9f7c67b91023acc9,0.56578946
aeca6393c87edb5a,0.53571427
0430d6d7bb754c8f,0.5769231
8938ffdc3784083d,0.34210527
96dead50daa9ec58,0.21646342
b92c0f2bbd7092b2,0.31962025
47b1f9b935b2edde,0.5769231
c5415b782947ca6f,0.24691358
fb4317cdb3a12ecf,0.041666668
cb59bce5dd5e0dca,0.29347825
356a0317caf2348c,0.45
a9a8ba8bb026da94,0.31854838
7cb6e1477d075624,0.25
4dab21ef4b40e194,0.27868852
6c57cccf688f58b1,0.31666666
be59371bd8d5abef,0.6
7ae514bd6f7ace53,0.48798078
e7af14008785c90f,0.50409836
9a76261779bbcbe2,0.65
127a6248ad95b573,0.6111111
fed5a8c39a93d8f8,0.24090908
c0f4065c626ead97,0.26190478
2ad4ff68f92b0ff7,0.74390244
0bd2237939b3f513,0.48863637
b16013a9b8d65e2c,0.3883495
7bd78cf2718908c8,0.29831934
a4fda3babc6c3558,0.625
fa6bce5aea26d00b,0.475
9bb69296f45428a7,0.3642857
c827d00cdb284299,0.1875
c09223b86f5d3c79,0.21875
6b16961b9c1aa49a,0.21875
c90a355e451026f0,0.31343284
6446f51e77f44c61,0.3068182
1bde05198c573a7d,0.3172269
d4c8bc50b857e34c,0.45
ba6c321a20c92ebd,0.4375
fca30340372907bb,0.37666667
91a2a5199c0d47e7,0.51626015
0db12f8258845b16,0.25
383d5f2c1513dc7c,0.23579545
c0e2d5cc31f75806,0.17460318
1973ca83ce4dd006,0.38043478
3415d83c4695260a,0.29274613
5f0553c07ee5396d,0.2300885
cbe18a34faf073b6,0.24626866
f303053b64ee0c74,0.25416666
b77558bd343878de,0.5219298
ec6c8061e7076559,0.43666667
c73aa7bae634f549,0.4329897
c965fb74e2aa78d0,0.74390244
d7d9c687d29045a7,0.31666666
5703c903f9733392,0.5681818
cde09ee10b5fba6a,0.5
47c96c3e7ff09e4c,0.37666667
5e3549eb0c93b40b,0.13
e2f5333e3ac94878,0.425
eda11589bcc2c527,0.4551282
61a328bcb10f0754,0.30833334
0dd272781133a43e,0.3950893
60e379c33de504a0,0.5
be416e6c6e3f61c2,0.14705883
790c33aa4cec7149,0.25561798
ad086da057515ede,0.29347825
5b89bb0664fb86f5,0.35714287
90afbcfddb6588dd,0.4017857
9814f3f3a1c0caf0,0.8611111
be23872388e2ffac,1.0
55f2acb492410d49,0.16025642
d9123c1fd293f371,0.8611111
7267e5ff421d44f9,0.525
80791f8599d14965,0.6707317
3b889130ef7ce6b7,0.5769231
c49dad6b7b652370,0.6875
b77266d85ddf7e17,0.5540541
27ac693d55fe2aed,0.50328946
e9f281c459cc6af6,0.24489796
7a0c2fad984bd61a,0.3125
4ae8cfae066a4c70,1.0
37de94357c06bd37,0.34375
c8bc841a33c3609e,0.625
78325068d07bae68,0.3950893
0ebe3921c97d30b6,0.1875
c11191979f97e977,0.5
76453f99514a7c96,0.2638889
369611ebc765f39d,0.24444444
ec3c094ef90d491f,0.16
ca722a9b5dd5eed8,0.42592594
e2cdebc4305c91d7,0.3
83667b3dd8163e84,0.21646342
862e14cc673c476d,0.3026316
ea805b2724b2aece,0.3846154
1fcf7117f2c1dc99,0.5535714
3cbfbddab4b0d58b,0.2
9bd22ecbc4c99916,0.19791667
f8c5effec571c1e1,0.31343284
ca14311b1c74b1be,0.25561798
5a2e0017373d9d9a,0.4375
ff7b35e7fdf72afc,0.47435898
f2de3a02e1db46eb,0.21646342
a91741fa48a6d7d6,0.29274613
9f4b12c52e71626a,0.19512194
9eacfc1907b8814e,0.28846154
eeecfa3e8ee80c74,0.6041667
cde2057fe44e80c5,0.29831934
8822b980ccceb495,0.21551724
df58ab9697f406a6,0.41666666
dd11588905da24a6,0.4
3eb092bf3fa9f852,0.26190478
5f2b2267a0fe6f9d,0.36643836
597b5c83122036bf,0.23148148
624a7e66f2520ca4,0.041666668
c56079c9d71d517d,0.54605263
4984bfb80d069db6,0.33536586
7b2ef20f3f8a7c08,0.48214287
68ea5822fb06d784,0.43382353
a7cffe893886738e,0.3392857
ce2752bc2788c044,0.35
245f073858757848,0.425
d4079f62362213df,0.675
032bd736d6526cf3,0.325
6b452c1fc3aef038,0.4212963
2f099f6cab88efc3,0.46
9cc67c4a308d6f8a,0.545
fed85de5308afed4,0.17910448
df15aae0aa4549b5,0.515625
2092ab76e0e0b52b,0.32089552
ffc97d4252d4a9a9,0.44230768
39e34a478f71fe54,0.2735043
e83149a3e8c331a2,0.27925533
3bdc16d8f1b1ff88,0.3855932
7f5859619289a713,0.625
93e7661323de78c1,0.78846157
75fbd34af28744f3,0.36666667
8cbff7934c32bec2,0.75
104f7725b81c316c,0.30985916
377e5094431155fe,0.27542374
f7633b918c8a489a,0.3448276
212cb28215c2db5e,0.60714287
8c63d05ee32e65f9,0.24090908
830fc003b715712c,0.96153843
a9badc08853ce4e8,0.42708334
a895407e71759397,0.27941176
825eb36d7c1745a4,0.30833334
5ea8d48ee767985a,0.59375
ad06ef0d555ccb45,0.43220338
9250a1aceb2e844a,0.31854838
ad8420585d9b9113,0.17857143
df1422a266f22696,0.21511628
d2304657a1e12333,0.22083333
92f3f077f2ba1328,0.50409836
05425418889ca192,0.41666666
2fc22ab1cbd86319,0.5
e98101fbad831852,0.25
8a57100f6ee40ffc,0.5
887fe027946376a0,0.6060606
29e57b412eaefc27,0.5
df6fd54323b3fdd3,0.29101562
a86ffa2d4bc34be3,0.26190478
e183aabe670cdd7f,0.44230768
d4f40bbc335accaa,0.21875
2239d92fdbd492cc,0.27906978
7a2517260acc809d,0.215
00af91320b7e817f,0.5217391
3aef2c428eba40f0,0.39634147
b91fc27d1c1e5f15,0.34210527
83b4472112625a20,0.11666667
34a5ea0a89d38d8e,0.17307693
948b51d7d6bca7ff,0.31343284
c688624104e3cdc8,0.3392857
514dabb6f54323ca,0.5540541
ef54f1028b3d8a40,0.11764706
427b8d65d6feea8e,0.5625
e60788e3945359d2,0.3324468
b1f6c5153065d1f4,0.50409836
3e7133ba966e9853,0.26785713
30e20fec69cc62f3,0.50409836
0184246fc5b0d81b,0.27469134
2f0de1992de5c7ca,0.44230768
32be228ed4dc62c6,0.28653845
20edf0d4e0d45222,0.17857143
7a8367ed2b619e30,1.0
07750e18eb6effca,0.53333336
d00a2e81d8d817b5,0.4680851
ba3212d868458cff,0.36764705
061d17f04be2d1cf,0.31967214
07eb0a719c7f86fe,0.24666667
57259b8e242d8001,0.21646342
44838ca1408d4062,0.5
0518ed75d6957a12,0.27906978
bb50841281c2c387,0.25
2841f7a086662bdd,0.22083333
5cfe68b67620922a,0.29032257
2334bd3af4c04334,0.31962025
234213a701de3a15,0.23809524
ee6382094deaf69e,0.2685185
9d19b406b1e87b36,0.20714286
44933b6bc299d5ba,0.3888889
d11f62c457509a31,0.295
543fa6ca6c0fafeb,0.21794872
33d5b72fb657959d,0.27542374
c497a812e3a624b5,0.27469134
de757362486b6df2,0.33636364
04dcf9bd0ada71d5,0.5
fc8db2521e6b0b49,0.515625
58b9c4d831847fec,0.2807918
fb8d72f8839999b8,0.31349206
a779114e16155633,1.0
0b269d03e0e10e67,0.49671054
e2945f10bba38e67,0.26881722
0951942af6603792,0.625
931ed66ad6960050,0.25
3c6045f5196ec75c,0.6160714
2daa28cef4205257,0.41666666
6578cdeba2c85b7a,0.20833333
4f763df39e88cbdc,0.2195122
63e063278560ee74,0.36643836
e105804f48a5280a,0.3897059
f4f180fe5a57b2a3,0.45895523
9adb13299826915d,0.11956522
529625bbfc55756c,0.26020408
75b3ed55cd939230,0.5625
8eccfd0700ccaf77,1.0
426fc52ca1f3bfda,0.36764705
f4fd886f3c67e23c,1.0
f4fcb020dc447d92,0.39634147
cdb94c91326471d8,0.36057693
76bc5f15769c2aa1,0.48809522
cd6a13345a901ba6,0.083333336
4594e07512312451,0.27469134
4b29689a8bc2847e,0.29101562
20ec01171b022a8e,0.15808824
819ca08f777b6139,0.24264705
679088259e2bc775,0.54285717
44423bf707cd83dd,0.63125
32559756c481ca6a,0.25
91fb080ee5502c81,0.75
47a46185376ae5a4,0.3529412
591bfa86b4fd1828,0.29101562
a794c256a9977940,0.6544118
8213b7ea0827ba12,0.4722222
e4db852bbdd1d0d2,0.15
690a77c69665ebe1,0.16447368
6711d24b2951bac4,0.28761062
42ca4cd55eb5a6f3,0.2972973
86292b508debbd00,0.23809524
9acc988e943ba6e1,0.34210527
d9f0eb3a50c72489,0.47916666
18943f1b59ced97b,0.2300885
9101e8186e0938b5,0.4329897
0a942f93b5cb9f0a,0.5277778
2558f7eda69ecbc8,0.24090908
fbf3be656271239a,0.3950893
dbba4a54f69023ec,0.25
d04ccb23ec338d11,0.34756097
61b1865e8889a1c5,0.2977941
7dcc6e9056fd8a9f,0.31896552
e324a7d7ddfd6fe3,0.53125
15c61085402c8180,0.275
81492777b5bb7bd7,0.125
9b3db5186baebb59,0.2995283
a61fe22304f0c51e,0.088709675
b69d492b4911c36a,0.1969697
3e6bb01944e2d139,0.21875
964da310591a957e,0.22222222
1f1ca5053a47f20c,0.29274613
02440cba1be27c99,0.23148148
14e61502dba36791,0.24489796
8b90f0644643f403,0.23557693
d027896cf075b91c,0.41666666
e66cf9211e64417b,0.2857143
062d06c8ea3eb39b,0.20833333
819be4bec4aa6542,0.15
27c71ae2d79bf3b1,0.2735043
b3eb6c0a039468be,0.21794872
b08e59c5514353e9,0.17460318
4e86561ecc425940,0.27272728
c5edaeaab4e57b58,0.27542374
b15e8a09bdecc3b7,0.29101562
357a31885809af3e,0.5480769
7f6b3d22a129bf5b,0.29274613
3fb2331237e93823,0.071428575
1abb2c7997339520,0.36666667
9e4fc60eee185e05,0.54
531edaa564b3174f,0.54444444
8dc039b0c0af64a0,0.23148148
241ae66416b248d2,0.2300885
a1ac5f03ff00ab51,0.53571427
6b4f0825b1d9d694,0.4329897
88b9fb126b98c5ec,0.20588236
d4a8fa8395ff450a,0.34756097
76d8f4b6e882487b,0.3855932
a99e5b3b894ed67e,0.6081081
b29c0a160b4243d3,0.47916666
eef55d0568ca5dee,0.3888889
0631e81eed3dd5f6,0.43548387
47f571b50cf8c784,0.21794872
0e2c1f20484ae532,0.51626015
d24d0682763ea340,0.14583333
9bf0b5b649f9be47,0.05
17c3c5c0dbff712e,0.3172269
5c978c2605720764,0.45967743
c75e66ca753961ea,0.34
49b1410002ec9ade,0.22767857
50ce77536c059316,0.42592594
1db09f2083e4293d,0.5322581
157f5a8dc035618b,0.29545453
a3ae2af0c05f4f98,0.1875
7251fb084a4593b8,0.47916666
4f8d18e7ee6f98e9,0.22083333
3daae05173cdaa96,0.6145833
34f2bc33d336ec90,0.578125
d60ffa33e84daf41,0.2767857
da81052cc4ecaf88,0.31428573
ec1ca5ba9c9fe074,0.525
1cec451a78ed5601,0.2807918
993c30666915b140,0.25561798
185677c048978717,0.34756097
e3ab73c04b81aec5,0.3172269
250d025e8009aa4a,0.17105263
1ae1c9d2de7e2935,0.17857143
114f24a7af0f5145,1.0
dbe29495649d6ec0,0.20930232
84c645d9529a6c11,0.54285717
b9f76eaf1d0091ba,0.23958333
2ed91153d32832d8,0.85714287
6e443bac72814d68,0.5833333
484abb55fed257f5,0.2807918
751163ef7cfecc72,0.56578946
4e08c06808063727,0.29411766
01030b09fc5f6b86,0.17910448
acb71d008f133ad6,0.45
d6f3649b0efb9407,0.09375
ecd314d047713544,0.24666667
7d301407f8bb4557,0.3
b2e9502cddf88958,0.34172663
44d82d16ed0576ec,0.27542374
303bad69d5fc386c,0.25
90757eee33135268,0.2195122
ebb52e0a971029e7,0.2769231
587f83f56c079032,0.23958333
04426c2f3ad0bcd9,0.51626015
00f128d8bc00e3d5,0.5
4d2d4f682f24314d,0.5
3c6a91d3417520dd,0.24666667
3773044594ccd8e2,0.6
a2907ca44cee308d,0.51428574
9ba89ba91355378b,0.4329897
228994e4150a0fdb,0.3172269
1a96b1feb38511b0,0.5277778
2a6db1dd4c3c7c7e,0.3855932
a481cc44193f49d1,0.38636363
7f16cb7bfba3f5ea,0.3392857
fe81636f49047899,0.37666667
cdfb60a936ecf0d4,0.075
e135e5c21ecd1d89,0.58928573
403a3123d2f75916,0.19587629
9ec087b284418921,0.3266129
34f348c9844154a9,0.071428575
e7db2ad628eb7a37,0.3716216
87aceb199905785b,0.54605263
8b0740b026b6e44d,0.19
92ea8018e6325b93,0.6111111
55db85a98525cc23,0.9166667
8c41b0357ccac435,0.47340426
cd84b06d230db340,0.30952382
f3b577641defb97b,0.5
d659ea108cf941d0,0.31962025
ee9423f7d2a44164,0.25561798
365fa1c93b392ae7,0.6081081
e9b1f189d73309f0,0.27868852
5b423ff4f58e79de,0.25561798
832f4cacf6b6b519,0.47972974
79191d84a96fa5cb,0.24444444
15a66c23e17c3000,0.2300885
110f6fff64ed8753,0.23584905
72c26db1915945ad,0.19117647
93987ca27f67e29c,0.39285713
70562ecf0900ff3f,0.2807918
e6c712606764d351,0.22222222
f8dfce93100926e2,0.16818182
975bc51323f27493,0.3883495
db01618f6d841f6f,0.13
61a10685b4646e85,0.5648148
982e853af84f0d86,0.2
788bd03dc1ec3a77,0.64285713
1a74f7aa5453059a,0.525
6dac91e34bcf9f0c,0.5
badccc5d922ae410,0.1764706
a0f1bd9c7157f273,0.1969697
86580a401b3aa8ab,0.17857143
f24bd61199499fc1,0.375
f649126bcd68b102,0.295
e77f9879adda063b,0.36956522
4a3ae48121063050,0.5769231
d550fcd4ffa0d2fc,0.2767857
b1b61b3b1662e2f6,0.2300885
5360a59a1f714ea0,0.295
52c7567ce2075471,0.20833333
e5a1efed42455de6,0.24603175
7fc70bd95e5b3590,0.28761062
df83c4799da7fd33,0.31666666
094b4278ddfca883,0.31666666
31aa664753927970,0.6136364
87a196d11e41f2d9,0.2735043
065b87aa6179af0c,0.39285713
6a408a8aecc73b2b,0.58870965
d3006e1e4d0e4be5,0.41666666
7c898cab6f76a47e,0.25
ca73f7a5b105cba5,0.5
fbed47ceef416f72,0.18965517
a79117e13443d758,0.5681818
203ddfde6022d915,0.215
76f8cac3e3c5bbf9,0.065789476
ad666f4c401ba10e,0.16964285
94aade7930e2231a,0.24390244
123e90e115cb30b7,0.16666667
7a92462b13f9d8f1,0.53571427
266dc5f9e6ceffe0,0.75
f0186b9e7a3a198d,0.6544118
94cd797823f9191a,0.22321428
fe182b109c259385,0.38392857
ff35769ab0e697d5,0.36666667
c4bd0e0d2aacea64,0.45454547
7a07a480fbc13d99,0.48076922
7640e22d62491139,0.33333334
e9cf5bc6c7f570b6,0.35714287
cc2ae750984ae862,0.24090908
33e209b0b7fe8d0d,0.45454547
1c7ac2e0fcfdc103,0.40789473
e57c145b959c5683,0.31962025
8db417830a77307d,0.29545453
d6b184a667d28e62,0.48863637
9c3ef37e15232dba,0.19897959
268daef1e5231561,0.19339623
d9dbf64685154a5a,0.43382353
15413f882e736842,0.375
c57050b633ad7471,0.50328946
07a3c903878f75a6,0.53688526
62c2b94c69e2e3b0,0.29101562
06c3c81b2d14d64a,1.0
3e1d0d20b975c3e1,0.38402063
d3be99c5f327c803,0.28761062
e05bdf35a263dc7f,0.6032609
de627cc87a4f3d54,0.9444444
83e6cde82dc734de,0.21511628
2affeab8a2f17b1b,0.3125
6b69d7e27824de8c,0.5
30ca97bf51da5d2f,0.1875
17f3a04763bb4899,0.21551724
62e566bf8d77da3f,0.30985916
5058ec70def32b69,0.2525773
2d14018a621bdbb1,0.3897059
ea1849c37cad5bd0,0.43220338
5470b88f8c25547d,0.5833333
32b3c913ac86c2b6,0.5681818
c2f2fe7ef6bf0973,0.33333334
926b2a9383a79dad,0.47916666
150dedf82a921a8b,0.2837838
a9ce99d3c662cb1d,0.21646342
cdc763b0f0b17d3d,0.2807918
b69efdf7cb0d4b32,0.36764705
d03f65c6df2b3153,0.32456142
83d238fc1d226a2d,0.2840909
0b7989c4a7167a6e,0.31343284
d011959eb61b6cf1,0.27272728
d51216aff71dc6dd,0.625
9781a4e4dd903764,0.3172269
13b799cd0ee5dc46,0.26020408
f721003d217e5016,0.31923077
77b3167362235fc6,0.4527027
9d2ca2d426d17596,0.22767857
b2447a40e960a4db,0.097222224
4709ffea8539203c,0.37666667
77979b46b2c34307,0.4642857
5dcf9d60d828dc8a,0.52
920b862867e1569a,0.51626015
0bb4d45d83f42bce,0.3950893
ab9b3b9a74461a9d,0.2244898
63aa9bdcc532a47c,0.23076923
74190b40b799bca1,0.23529412
e9b5bb8fe31bfbc6,0.24626866
570d31a957c3c421,0.30952382
f73e6eb09328325d,0.46153846
fb74cae47e67819b,0.43666667
32506ac9564c4ac8,0.63235295
309e54490e6aea0d,0.2735043
0dcb04f2df08a017,0.26190478
bcc76150276c5844,0.5
dd83dc1b012abf99,0.13333334
b44ef8badd25c405,0.27542374
3d0f301ab2ec8c35,0.265625
226f5a6ad5860489,0.25641027
4b571a96ece09956,0.36057693
24b8fa4d7ee59a83,0.2807918
b704220d2bba1230,0.40625
043083de085aaf43,0.4680851
a0829b125332f4f1,0.17910448
a949f719dbb2cb8a,0.90789473
5d95ecf070d1239f,0.27542374
c33340204009b89c,0.26020408
408e9e53916c2ef1,0.30135134
51b92e7fb64297b6,0.24019608
8aa830556a57c974,0.48798078
7e0f9b57af855b64,0.25
10ce8c1aa68c1246,0.6136364
fdfaf70b4729b1ba,0.05
40b182bb481691a5,0.54285717
6850af13c5871d87,0.25416666
17ebb908d73ed806,0.2807918
ec28d954435b7f4f,0.3642857
522c1551cb8dbf4a,0.23076923
749ef1711ab17afa,0.36643836
044e98e40ec4c225,0.34183672
e4f4bcede8a0c5f6,0.21875
48a32cbd0e698868,0.4527027
c2e3b1bf17ee96fd,0.75
42719669d195f1af,0.24390244
8bffcdc1616486f6,0.2647059
867fc3b4b9dfbca8,0.5
3978dfb3a2980f1f,0.5
ce78dd3c89d2fbbf,0.29347825
5dd9f7e7f3be9feb,0.33
8d9215d0b72e4ffb,0.375
6ba834aa8ae66f83,0.175
753176e6ffb77f56,0.2995283
81e044539bb5f512,0.12951808
e4a855a0a0e2ca83,0.37
cd022c53e4ef2ada,0.51666665
7f324019befe5b5b,0.43548387
11084adaeb6e5c60,0.58189654
a567dfdeecba2f1a,0.5365854
3c3d7e8338df5085,0.3897059
61e8a1710db298e8,0.4919355
aa434907c05adef5,0.3324468
b8bb5be6dc51f40d,0.5625
b701e03f94abb67a,0.4673913
24980f7da9022bd3,0.29274613
7de6a4118d1f3f87,0.25561798
418b056f2b00bb89,0.36956522
08a3d5123a3b8d4a,0.575
78b16e54e50857d9,0.31666666
cc38b0252751e99e,0.28653845
f16903616983f3e8,0.3
5c38cfa3b92b7335,0.2840909
c7c208b87847321d,0.2777778
4e80e7cec33f2512,0.041666668
7f5d6ff9c0847443,0.12951808
bc2e13e15f52428a,0.41137567
3651c269bf76a351,0.3324468
faba2ec81d09443b,0.48076922
8c419cb465cb574e,0.30985916
f27489f27e529db8,0.3392857
1de555f3ca4d7acd,0.5769231
4ec6727dc11d327b,0.13157895
f59d761052830509,0.30555555
6905bbb59a60820e,0.23461539
4dcffbf0f21ffbb6,0.5219298
193e92f9b1ee92aa,0.19587629
caa721eef6af9335,0.18333334
b1e925c0432973cd,0.30135134
6b09d24b13dc5958,0.2525773
b277c40963ce2182,1.0
fb09c2e440e75c07,0.21646342
68be0bb5a1546184,0.28761062
8877750aca0fb0fc,0.36842105
744d262d0c572092,0.20833333
4f8d3b0f559101c5,0.28761062
55bd90cc2066d7ba,0.2300885
bfbec9deac74fe48,0.3026316
3c7dddaf95c3b2bd,0.5769231
ee8c9466431513c3,0.75
fee1d9fd57be1395,0.2596154
e75b99b07ede16a9,0.295
e7c0ee29bf58f475,0.3846154
4e653806a73f89c2,0.28653845
6798e23f2a36de21,0.17910448
2221c75b36c39837,0.53688526
e1ea93525dbdaaf8,0.3642857
a34e96c8ce8af736,0.20714286
382ed30d81c28130,0.26923078
576ebba49063368a,0.3030303
3e02bdc19acda247,0.30952382
a23cfdefd6dd8060,0.51626015
73f289964fdafe21,0.5217391
7b80ff70720e267a,0.05
0939a5d424040b05,0.31944445
9196dcdceb241617,0.18333334
11c1f20b0e48e916,0.24489796
45d54ffb317e78b4,0.48958334
cb6d05c9ae19b18e,0.25
015ecba0cc9cf299,0.41666666
9150220dc3a8d134,0.11666667
d47638cfa77bc4aa,0.35
0a9ae3bc8cb2b90e,0.23148148
c3db512637be073d,0.28653845
cfbee4232febe009,0.21646342
dff325522e5bdf08,0.41666666
6e99dbce8ff8e3a0,0.30985916
a7e9b31263e74da6,0.2735043
df1cc25038c77f68,0.25
5e1b1c4c7cdc2002,0.275
41aa9dd778553d88,0.22077923
f07574c1f76dd289,0.2761194
b00ac35e5081e709,0.4642857
3b0f9f7d8bb38c88,0.5365854
1006d2429a026ed6,1.0
3638cf94f704143e,0.34172663
7285da634866a63d,0.3392857
68b297c7fab08cd4,0.3888889
202a523a7e73f8ad,0.29
ce8c360059be471c,0.54285717
dd99d97bda833c9b,0.42857143
4d4aa6b72faf190c,0.0625
3a7a82f0607c017a,1.0
5a907619ec6a7ec9,0.265625
f6ed4681e1b5c2f6,0.2
77ee768a37a17372,0.36818182
4604226638eca18a,0.34172663
69d164ee08c4da8d,0.2948718
da8839f489fb7cbb,0.34895834
4bc8b674425090e4,0.49537036
ac7ee5c0328773a7,0.30833334
71aeb4a74b78c0e2,0.24489796
5f5227ebc8db6700,0.25892857
adfd01ef44fd601b,0.48958334
9b4dd179e034b861,0.29831934
4680377340c95dfe,0.2977941
57c270ebfbba029c,0.51626015
fb273356f7fb1463,0.24691358
20333ceea5d7f11e,0.625
7f4c470bab7d9fff,0.28030303
423a75399caddbc9,0.30135134
6f296e876b451367,0.58189654
47b233ba29aa73d0,0.1875
5b30ced7770eecc4,0.30952382
17da7fd72ad4b79f,0.24626866
1cd2ce5f668ce976,0.29807693
c946d4cda103a237,0.28846154
b94e40843c16f5b5,0.16666667
702a3d23a03421c5,0.17105263
913f7c6592212c14,0.30952382
2cb4f15e5861ea51,0.11956522
904b94fd3d27e5e4,0.25652173
69865b0a3be58826,0.19897959
d26091fb51dfe4da,0.3152174
44eb9f1902492c7b,0.1375
5c66f49cad4da30a,0.2995283
70a4bff673d97eb3,0.55
3fda3547556b3562,0.5
a8e998053dc3aa77,0.23809524
8dc34c4b90ca9780,0.3266129
b8f2b62a6579056d,0.3324468
ab994ca2e19b747b,0.29347825
b616d179eefb1c0f,0.484375
e1f9d60ff4c33b0e,0.30135134
deaeb9d9790feabe,0.51626015
42d9e032d1cd3242,0.41666666
147707455000cd2f,0.4318182
562b46bf5850a60d,0.4642857
f859cb2d1764e9e7,0.54444444
f98b9ec5c92865b3,0.26881722
9b3152a15fd93fa1,0.45
f526f9b78a95aa4b,0.25735295
966366e95e05ffc1,0.51626015
ef1c51d2a7ed5ffa,0.3375
7307e343e6c903e4,0.31854838
43285ab5cf84d002,0.2300885
bdd45e8130b98e10,0.31349206
0acabc18b46eaedd,0.2767857
afd7de81de6ec69c,0.44230768
9036b88a22967200,0.0
eab6219b3eb3236d,0.2857143
26b21d95b2885ee0,0.2995283
d0c90caef5901b7f,0.2761194
e7dc125f3acd6996,0.28030303
f50aa37907547ce7,0.5083333
cd79f7da7b947f1a,0.23717949
4045fc816668e8e7,0.18
289cbf03b091a5ee,0.5530303
992ebcf9ea2ddc31,0.31854838
906af4cb4100cc7c,0.46153846
fbab324b65f2c469,0.53688526
a912451997c17136,0.4722222
ff5826bb4d2d1922,0.4212963
4bf215743c682747,0.088709675
fb239766f2bc924d,0.45454547
1f9160360cdab4d5,0.34859154
c7f50ea3009ac705,0.4276316
46f3fb3795277ae8,0.38235295
26930ef08dc062a8,0.43220338
44f59c035738d84f,0.25862068
07a3358b92400793,0.23076923
471a0324ecdd8b7e,0.43421054
029d41e0bd7c2a2b,0.47727272
12cd7b9d7d4eb5cc,0.21666667
a5eaf28e0932e477,0.484375
11f65c1b05eaae9c,0.28653845
6858bc6fecd88e54,0.19512194
3788f85501ad2d7b,0.21875
8d48daa20808dc55,0.36643836
bcc400a51905b74f,0.2840909
fb3ed0bd30e6b42b,0.425
087fded64bb1b82d,0.5
13007d55214f010d,0.2300885
3ed0b0afc66e0dda,0.19444445
d5d1663d4cda7129,0.49671054
55d972726a621a1a,0.44230768
51dacb7c9939e8d1,0.5322581
bb249effc4853262,0.29347825
311c95531c209b46,0.234375
2f46c5aa45d14125,0.25531915
1411b15aace86830,0.55
b59a756d08016569,0.44791666
197b25fe46c9009d,0.49671054
e8f57d9fcdb1aef6,0.17307693
8ecac31b51f22b75,0.45
51ea2b52983ef89a,0.42105263
9a34d298df53db9c,0.19
2b1854f70dfe118c,0.31862745
3b78263294867fd7,0.875
661f4c1fd37e2e97,0.30555555
a61e23e5eea2f8e9,0.5
5603044c257c48eb,0.25
0896540f9fc219b4,0.484375
da052e1f1f9c7a70,0.5364583
70cc1ceeea68fde2,0.3068182
cc73a1db5d19bf19,0.33333334
b24dca5ed88ecd9d,0.45
2b0131e8d52eead9,0.3125
0275ce2a02293f51,0.2300885
f2cf8f59efb2273e,0.35714287
0078a18c8721c714,0.3452381
f910e86f283c883f,0.33582088
a311d7fd407428ec,0.3974359
fb4fa0a77a8cf80d,0.625
64fcb8a334afc51d,0.25
71c45c4ef8a6aaff,0.26666668
c35062405141f485,0.28125
d10babb3ab63d1ee,0.53333336
f940c8756bf7405d,0.15808824
9d02ef55461be331,0.3324468
137c52772bcd87ff,0.9166667
e695b352cc143892,0.28761062
adb0917dd089003b,0.24019608
096fdc0f96cb5a73,0.63235295
9ad97e6d9f66a579,1.0
10bb12cb1b15f92b,0.54605263
2b451abd05540941,0.3950893
ca47d72cf64586f7,0.25561798
89b4ae3d39841a55,0.41666666
9a77f02f5abb890e,0.48943663
957b31033cc0f1de,0.4212963
922ce9824f0df303,0.24019608
8d90e606ac5d6d16,0.3172269
709f2b5d34ca07d7,0.21875
412c7483d9d70abc,0.75
611d7995cdde2e94,0.36818182
1c56d5feb6a28c8b,0.22222222
4356c379b94cfab2,0.20833333
c6f49303a9aabc7f,0.19117647
b19a0967807515fe,0.23461539
1dc71ce3e3a355ad,0.415
3bbc1870eb447150,0.30985916
c1cd21f8fc3033fa,0.50409836
55cab63e6221860c,0.25
7271483f195b8be6,0.36643836
17ea084e2c3c306f,0.33888888
3f1f8d4bb08e9130,0.640625
daca621713e29aa4,0.088709675
efe246968d0c6f8c,0.3266129
881220dc7e1b4c9c,0.2685185
1b6a4acce6819691,0.63125
e6c458327abe07ba,0.4090909
d6c7bd4e292bd0ee,0.5480769
47dca1caef184d57,0.3392857
9ebb847422320b43,0.5
7f63c99b709a9333,0.5
b7637a07ac04fb6d,0.25
43e40a5aa0d31e1f,0.27083334
f10b9d5a546c44e3,0.75
d4f4b6aafd1bc3d7,0.36363637
9d18d631f1866c21,0.36057693
bd689df51d7d703e,0.39634147
90e34931cdb26c02,0.25641027
e7966b6d33f35ddc,0.41137567
a3dbaa77c985e2e3,0.5
f19ae0b0c8b2303a,0.2769231
afd1378847fa9afb,0.44230768
946ce15ca247aa9d,0.5714286
c73ea36aa73baa53,0.075
ac0bd63e6716754d,0.49671054
e7a119a43e8102c7,0.4329897
12dd5e03718f2453,0.40163934
c4a79825f8c9daaf,0.3292683
f75c158ce743a2c9,0.54285717
e11f14e3eb627d83,0.30952382
55977a1e247dbfa4,0.25561798
aa65aed44ad97946,0.24019608
a2b28ba3d66ee29f,0.6111111
ee77929c9d6ba89b,0.25
52228635176978a8,0.29274613
b5786f739e6f5d3c,0.34172663
99b2845f1f4298aa,0.33888888
4e3afd3db4c6e7e1,0.20714286
8c31ccccc23e78ca,0.24603175
4c2a2da2b50f4550,0.36309522
91118fa67a162e6b,0.2837838
8f04ea1fdcba990d,0.28125
6c08117ef14f3392,0.13636364
1b0f616834860bf5,0.32089552
4243f8417f0411d3,0.26666668
a3c5905f76a58ebd,0.51428574
42d364e0225f3387,0.27083334
ccba5ba74b65d84a,0.6805556
3e71eeba2e918460,0.421875
3e1503ef5f2fb97c,0.6160714
86717dc723057abf,0.22077923
8614319aee0f628e,0.5540541
3502cef9fae815b5,0.27469134
a8c3c662170276ef,0.47340426
1b1d73fc7715f597,0.29166666
5b91a5186be6d0bb,0.5
2f2e12f57f4ee378,0.5681818
8f2c67263540e85b,0.16826923
b07e1eda1ccee4ac,0.22222222
2d565d2053bdb601,0.5
178c96c4d1dd81bb,0.31666666
3772104456ebb7e8,0.36818182
de592e7e10b0d91d,0.52272725
f09b8cea9df2c7fe,0.37666667
27a568043f2791dd,0.265625
b3c1d6587762b5ab,0.34615386
6445620272b7dd75,0.2769231
cec25af9768c73db,0.40625
45a017249410c92a,0.20833333
bb6209a721824a12,0.3172269
49d9fbdc47f25309,0.28761062
e3e8c0d20a26a330,0.28653845
b39378bec2d94a5e,0.24019608
b5dd3f832e7c2cc9,0.29
b63e881e23a810b6,0.3974359
dcf30ca3067ad675,0.50595236
2da64b55490948d1,0.25652173
bdd5a7dab372bb3b,0.625
26569d496db395e5,0.2300885
8f5ece74ab9299eb,0.25561798
83d9f3188c7e3482,0.5217391
90a4701a0c0d0dad,0.21511628
e85fb48e21370ea7,1.0
d4ce6f2e3118d79d,0.53125
73a2f0b016fa700f,0.21875
af9ff9ad04958e84,0.5654762
6503430740b66773,0.33888888
e8436dfccd1f6821,0.44791666
eb004c7f8c2eb000,0.0
194c1c6739d19f4b,0.44230768
c1b13ed5b056d481,0.28125
21c6f9248d9d301f,0.3324468
4dd8910b892a5337,0.22083333
e020a1628c9f5724,0.14583333
24849905791ca51f,0.19117647
705ad30380bd2a85,0.42307693
6b8320d6a1c04430,0.25641027
f09832adce54073b,0.31962025
5c1f7b7dcb11b1a9,0.22619048
b5644f4b7cd8aae4,0.44642857
860c2ccfd35effca,1.0
a7f22b479d7b02b0,0.2807918
8a2ab6480cff497c,0.21875
691c4b3d02b325a9,0.48943663
3b747f40ae2cdeaf,0.48798078
433ebf26d24c3d5a,0.23809524
e5da8ce1eb338944,0.28761062
5b3d5122a5a2b408,0.5
d9e4cdd6dea510d1,0.28761062
2a7d755592228664,0.15686275
cc91a5de71fb7090,0.25531915
147c074f7b9df95b,0.48798078
82bb200c591e0b83,0.5
cf45d981db3e7d95,0.49537036
7ced7b02f845007c,1.0
d581474e8444aa4f,0.2767857
75f7131edb6c0379,0.5833333
e6b8016683550493,0.30555555
2a8d5700ed1bdc14,0.2840909
1aede2208a71c511,0.47727272
4d4c7cbec6d31264,0.5681818
12221499836d8195,0.3472222
ad8d85826149106a,0.425
13953b96b23f564d,0.34210527
3174aa4e3f4c5a50,0.50409836
1152f856245d7d37,0.32142857
adb29a16d9bf742a,0.375
1311fa700d658e68,0.26881722
254714fad0371c48,0.625
41bfb7dd550fce45,0.2807918
b9fe5b73f83bc5fc,0.34
0cf77f5e9f6a39a3,0.2837838
a466c28e05c57865,0.31343284
905a15e34e15ddf6,0.265625
0927aa07f1229186,0.22222222
d243a7df0eb49e40,0.25
e1e05eea1ca04618,0.475
0eeef4f3f03c6bd5,0.24264705
0bb61b10a1ab773b,0.55
23082dbb8b393e8b,0.44047618
ece27e2c2cb40ee5,0.065789476
e250c00d8875e8c5,0.088709675
7473080515892c85,0.19736843
e65b20703b98a2a9,0.275
90deb7a5fbf97faa,0.28125
d4a0abe256ec698e,0.36818182
a92deadb3c9a5329,0.24603175
a2d3000217e03651,0.33333334
326544a2135754f8,0.16818182
632de5b8fd8db7a1,0.1875
69deae72e0dd345e,0.29831934
69a1e250eefdb8dd,0.3125
a991760c8579ecff,0.2857143
8f8658dabe77b27b,0.29032257
a7b6df7556246bca,0.3125
8933b87a080c1a1b,0.5
725a9cc2431dcd90,0.21666667
9a35010acfb0c540,0.3172269
6080b4ca0bd54235,0.5192308
581f9946153ec6df,0.6388889
a9619b154952d659,0.083333336
0654d9378e38fcfa,0.28125
87561a4fd7078e67,0.3974359
676a09ad6d639834,0.55
359d522e3e450473,0.21710527
8ab390bacd0684db,0.3950893
832277e6024a33d4,0.38235295
eaeb96f37b360a1a,0.525
9ae0b84d96d0bca2,0.3172269
853c53e5dc9ffdc4,0.16666667
3089ec68873af6a2,0.5763889
433f159d197720df,0.47340426
b3d9e7f10b9f586f,0.625
4a7a88f20faa7acc,0.3030303
5e9e4be524657ad6,0.27083334
3085142b41b04a32,0.23584905
012471c4fe337c46,0.36057693
4416ceb0d8cc5d30,0.18
650b55200bbd07d4,0.41558442
23fb180eab399ffe,0.19512194
91260ff5cd309aa1,0.17460318
5cab79bb6d12c0b0,0.29831934
8ff33fed8f841b39,0.50409836
835793777deec34c,0.22
a10039a08add6074,0.34172663
52a34f3deb7b710c,0.24264705
ee0314d9b7f860b7,0.515625
b333e55c151ec12e,0.21511628
aeaaa19e1688fc10,0.36057693
ed3918b060ee7cf3,0.25
58c80c8b8d8c7abf,0.16666667
0beff2f952ab65f4,0.545
e8b5c0d71e7c90d7,0.32456142
affc07a5da8e94ba,0.24666667
a5ae27b93ea8e27c,0.59375
25dd8bb9da86d36c,0.21646342
2013d1c32531dd7e,0.24603175
4826cac4334c587d,0.2735043
76fdd846783b9dd0,0.3172269
4bb69b4e5390fccd,0.47916666
1db335cdabf17717,0.2837838
8bb99e5ffaf930a0,0.27542374
0058f712bde8f8e9,0.25
b59ed1427f38cdb2,0.50409836
a760ace152f2b63f,0.32142857
0228a47c4eb2b44e,0.49671054
b028ddb3f12aae41,0.25
67eeb0a2974373b3,0.3375
84ea3620f6a7e0f5,0.2300885
842c6fd9df990c43,0.25
2aac8254dc80531d,0.25561798
0b0944e3c7e0ac06,0.26190478
41b9fc8b6716ff41,0.31648937
cc1615cf33d62204,0.51626015
79af65a7800ee427,0.2767857
d7b55985da969095,0.25561798
98d63d8b2b70d101,0.24090908
c3b4099d4b96ebe3,0.47340426
30bec6163fc66c8a,0.5
c65a0cfaca84d07c,0.53846157
c65bf89bd42fbabc,0.43382353
bca9c49f59c896f6,0.415
109d74d59fc58c06,0.5
17cdea068ccc17a6,0.25
3afb3980f2c05ac8,0.23557693
c584c0b20d9b9f68,0.5
7f5928b729eb804f,0.52272725
54112a14c90c0b52,0.23148148
9ff29ad71e7d1d03,0.125
6bdd1d05ffa3401e,0.36057693
d1c3fe5e0fccf580,0.3642857
22633759ccabbba3,0.34210527
22c8a44e8f22e292,0.0625
7bc7c26dce2fe95e,0.21646342
ae21e26bb191d22d,0.5
080f9e3b3c4424bd,0.3181818
82cc795cf1b3260b,0.24444444
5a4d2921a048e8e0,0.36818182
81b693d767d59ffb,0.51626015
9a17e333922d0dca,0.24603175
7b15cb7b226f81a1,0.70454544
0ccf0d71b69d980e,0.3392857
1392dcb8b4ff18fd,0.425
06becc64cf27a784,0.0
3add9f80f7984c4f,0.15686275
9148accbf6a46327,0.5
66b4b7f9b8058b4a,0.34183672
28ee502beaa03d10,0.11764706
21c4fffdf0b8c366,0.5192308
9aa4e7928682d4da,0.3125
3eedce64d5e6e696,0.3392857
72c30c87d1c51b78,0.24603175
54075df15eff2e88,0.57258064
53092dea36730c6c,0.28653845
297229869cc98430,0.6171875
7a26c1ef7776a555,0.20714286
f7ec9eb3176f3744,0.41666666
10eb175e9a8dc8c2,0.4375
e38506eacd6d8bbc,0.2837838
79500725362f4ee8,0.29615384
ec2f45292f85de0f,0.20833333
097780d4a8708b48,0.3324468
9173881e50075441,0.28761062
c795dbcc67265feb,0.27906978
8ffb5244337536cd,0.2300885
96811b15d2043ba0,0.3611111
b420b094b7d96ec0,0.5
971a60dd8f6bac36,0.59765625
6c04e398a717ff71,0.25
4fb6b7230b61705f,0.25531915
d3e204d686b98c47,0.09375
0a3f5f0b8a147d2e,0.5833333
a759c41979b41e2d,0.30833334
ce2536c3c0f59c03,0.5714286
c8ffe069bd3d3cc7,0.390625
a71d7e1a773352c7,0.26190478
4e8fd45cc00e6588,0.34172663
0e8c9ea59cdb0434,0.53571427
127b6c32652cb1fd,1.0
be81526b04fe451c,0.3068182
3eff0e02fcafad2e,0.55625
83b797924f9ce61b,0.31666666
916a45d3427923f2,0.45833334
747b6e1911052de8,0.51626015
0fc5035fbf0c2cae,0.083333336
b6475b858fa69d5b,0.51626015
66185c7eb286e5e5,0.51626015
dc41462a8fec72ac,0.4551282
314a1c26adc6cc67,0.25892857
885cba234127debc,0.2807918
7ef15c09c7620acf,0.41137567
828d2ce55bda95df,0.2
e2e7fcfe0aa96a22,0.055555556
20f1cd0424676a4f,0.25735295
c140952efb31461c,0.3172269
f94b030cc96fc255,0.6125
5bb46e2eb90b6ea6,0.30555555
9c70ac754b21b948,0.29032257
d575e071125a055f,0.425
4bbcc03855b7bbfc,0.17460318
319db55b6a700aa4,0.33636364
0f2a721a72531167,0.24603175
c994ea2866de4937,0.5113636
1c00fdea13071f8c,0.36764705
fd8fadd477385354,0.3855932
3a255654f6d72094,0.6
756abc868b618f61,0.42307693
f3c1dcc46c2be707,0.3515625
20171888f6de5a29,0.2735043
ff7aef2cf3b54d3b,0.50409836
a9df6abbecf9d890,0.58928573
744f93b92819035e,0.2300885
70458c3907e6eedf,0.2767857
0c914d9ad8aff594,0.24264705
827cdad01f6c26a3,0.32089552
dd8edf62cb909729,0.40163934
e838af1450152ea3,0.36363637
d5f2be5b0544739a,0.16666667
63d48cf1b9997138,0.4107143
408c8f2fe596ab93,0.27941176
15604d5e97e28b10,0.50409836
4efd83c145029595,0.3026316
0a7cf350d4979672,0.3472222
53e323598f05600f,0.27083334
a457b2e9371aa14d,0.0
7cc49f86926f508e,0.16666667
4eab68ff046b114c,0.14705883
0ab827ed3455bd43,0.20714286
de4289d54d0dcca1,0.20833333
79fa63df986c9ecb,0.41525424
a115a909a8d1ff90,0.25641027
4b8990730ce0e25e,0.2840909
e46d591ded191b03,0.29807693
243c98c5194124d7,0.31896552
589624c8412faa47,0.09375
8b8ad614046db6de,0.17460318
49f485d7edc5dde8,0.31923077
100d720b56086149,0.34210527
359c7fe06cafa690,0.3642857
10cf7735fec633d9,0.375
7ec028ea0a6ebf7e,0.9
ad3f625355571bfd,0.30135134
1f37ead645e7f0c8,0.2244898
941a55f91f3b1ecd,0.25641027
314c2cbb0fe278ec,0.28125
d048c70b5c4903b1,0.29807693
e9f7c0da9ea6aa24,0.4527027
516410b86fb6ff5f,0.6171875
948c97394e537a57,0.2767857
8c1121d871aba987,0.28761062
736359c9d7138f46,0.23461539
1f58994d8fbc8be6,0.34615386
d3150b216813544d,0.28761062
7c7fa835c6f46eb0,0.31923077
034b9c06772364b0,0.5689655
5d0ba0043ce6c242,0.4642857
e0267dd13c6e25f7,0.29274613
7a7984074c20e582,0.29347825
7a61fecc3651a427,0.2977941
eb1ae43e58b006d8,0.234375
7ba0f0f553f72b39,0.6081081
2a02432c1db2434d,0.16818182
cd6df88e089127e8,0.4921875
d1d8595810c29311,0.51626015
57a54ec21c506d71,0.58189654
f9296379f209d24e,0.54
8d2ad485e0fa3d4e,0.36057693
062d32062f942cab,0.21153846
324bd07afd67392e,0.31648937
b8870b6d775699bf,0.083333336
b8f9b7ac9bec3a5c,0.24390244
19007c050a948036,0.22619048
62efc7141553f37d,0.2767857
97bd4b69bda213d1,0.51626015
5371e2b73f47c14e,0.6666667
27bac61f67f68641,0.71666664
57af7ab376d0c8e9,0.3375
9aebb21048feabc7,0.22
090835699469134f,0.3324468
99d8f9472a420ca3,0.6875
6dc35cd35c4bdd72,0.20833333
b0ea69ba5352958c,0.16826923
a4e520309988c20c,0.5
00d59ae0bcac1edf,0.23809524
7a8c2e3c05b78a9f,0.5
a4800ddfc238f566,0.21646342
84dd259f393baf16,0.21646342
571eecdaa66b87fa,0.17857143
dcfd14b0ced34d2e,0.33333334
eacb17bf729ec9a3,0.515625
8e3bd3636a7a9e6a,0.5
bbf4f58d073be9eb,0.65
1456d7a9d2ddcf09,0.38636363
0bfba1233157b13d,0.5375
5c0a482d185773bc,0.7083333
8623008b9c6e6f1b,0.50409836
202273273411a703,0.125
fd24596b958ab937,0.6
7d90c6f50518ffe1,0.088709675
3895b6096c3363e0,0.21153846
84a42ce72229f002,0.39285713
0ba6e1beabfd52ab,0.59375
3871e6cd8949b4da,0.25531915
9d75c9e70b035554,0.22077923
420cdd07318edcf3,0.22321428
479faa11235d8604,0.25561798
df25c1eaa0409546,0.875
d806b3df08a31b83,0.30135134
5216bc7b0a8af7b2,0.44642857
de9271187784d552,0.50328946
6fde4c536bc8243a,0.53125
4c9dde1c98861e8c,0.31648937
a00f4c9ab474277d,0.25531915
f5ab4edbd9e12abc,0.3392857
53275a3070e4a426,0.43220338
8b763befb03b4be7,0.5364583
e151ca5ea5cc0f08,0.36764705
f104363dd2afff02,0.5
d34165be2d576062,0.41666666
8e57427fcc150b59,0.75
d76f3fa2d17bdefa,0.25652173
0db4a5ba4d444150,0.42857143
8ca0d474a5d69120,0.14705883
a6aeb20e06ebdede,0.25531915
f8ffc7e27d2498a3,0.34210527
8f7c2e2979dd763b,0.6160714
7d69a63d4247f085,0.29347825
58529412952f6c70,0.25
155d39f0a0cba357,0.19587629
1fceafe812e28757,1.0
6f2fd6d8ba7389cc,0.25
da43777068efa661,0.23584905
aa69cff1914637ea,0.19587629
8b838c92e93765f1,0.27906978
d56e47ac8a6956ba,0.21875
1ee92f7f6abe8262,0.3716216
bdcad90b0dbc870a,0.35
15cb43efd6778c2e,0.25
2d236a541aa5b510,0.11666667
d7ec1df2711a843f,0.35714287
67c22cbe63151953,0.3716216
439f8d4f2f2b62c9,0.23557693
af0620b88e00def5,0.25561798
e60b09f2081ca278,0.36956522
e46d24e3a5d79c8d,0.16
9415f448834e3573,0.21646342
186b7e616ccf755c,0.31862745
6e89c332c3bc6310,0.21875
2559f05510af7c5c,0.35
3aac8bf93114aa20,0.3716216
1abdb8fad5946c11,0.5540541
00f0b786d6fe4449,0.46969697
df504adab8f3e39f,0.3090909
1a2c9d83581c2444,0.625
e5e82404620903fe,0.36057693
5632878e0325c95c,0.26923078
40b63b35e5a382d5,0.66071427
253bc005ea577c9e,0.24090908
32bfb611777b8775,0.625
2a248b08dc0c9537,0.071428575
72d55bb60d23de67,0.31854838
56896fbc64af583a,0.2375
7926ab40ca5d021e,0.37
0ae5869aac6b07e5,0.49671054
3899a8d2ed7d64ee,0.34172663
e6f9a4629d6d97d9,0.25652173
5b7ec1f919cdebc6,0.5086207
1e03726e08908697,0.41558442
e41ce7c837a0781c,0.3266129
c3cef9439cc14c2e,0.625
526c3f3cdc423af1,0.2995283
a506c6e1cc9d1be7,0.19
e49be196400c90db,0.11764706
3a90b9fe2c5a6559,0.3881579
b7da4414d160af68,0.30135134
f504624636d78ad7,0.4090909
fda4795a57bfe2a5,0.0
32465260bdc08fc0,0.2769231
78b29f1451971d07,0.19117647
1ef22c135e6130c8,0.19117647
2ff0f4a65749a983,0.265625
4789aaf8a7e49e4a,0.35
2bab57798a0b543e,0.3974359
3a08370558399810,0.43382353
65e8e6be01b1815a,0.375
99a2c260acd497ef,0.34172663
f3a40019712458e2,0.34172663
73d2998f3da9d741,0.375
0b242706c73d905e,0.21511628
b043ca2bd2e745f0,0.3448276
c9d969fa6ee59d16,0.31034482
d83d5a97e22118c9,0.20930232
b7f652c0d3e73474,0.2761194
0db50563bcfb5b63,0.27542374
0a1e1b1c50f7c0e3,0.50409836
8c9de8488bd57ea3,0.50595236
2462f81d5efa46d6,0.34172663
976a96407c01630b,0.4375
0514ef2486a327a7,0.21875
8d7fd8b910c93ec0,0.23717949
c0eb2b41eb918d32,0.25641027
552eb169665e96cb,0.29545453
8ff82bcac556de3a,0.5
b42f9a7203745f04,0.50409836
daf70089a8623b7d,0.18518518
daac1313941fa108,0.05
4ac1daecd3a2c9c0,0.43382353
1e95711f5dd1c873,0.29166666
1a7c4a8f57624024,0.12951808
b827bdd7324e1f70,0.5083333
428c44cd7f2af16a,0.7222222
1b7f092b86e8e3a3,0.48943663
f310afde829fd9e8,0.29831934
3a914c6a356aa352,0.34172663
da1ac1fae560ba43,0.33
947d14ddb92055ac,1.0
b2bae13d2c75c08f,0.33333334
0f0344d23efcb2ca,0.50595236
f2b9ddfcb774c40f,0.29
3c687ddb691f5632,0.25641027
5a7b060ea5b7b9eb,0.25561798
e5fb705b3aeb33ce,0.5365854
725d93a99dac4403,0.2375
51a1b1aad1a75d64,0.34172663
a5ada01170a6e5cc,0.27941176
0fe99fad8ef0598d,0.27469134
04717b4e4fa1c452,0.17857143
462797489ffaab1c,0.29101562
ac2b193a4a2b20d8,0.415
eab176e2f7c05742,0.13333334
6e1039964f354c0d,0.3642857
26ec2c2e5dac3106,0.28761062
6ef0d41a4aecee58,0.27906978
9522e0b1a48d0a30,0.23148148
d96244a2fecec13b,0.3026316
29fda455fccee9df,0.24264705
f2cb4a7eb0da431e,0.38392857
050062b925173951,0.49671054
eb44d02ca330b2b5,0.45
730849a0998ea9b6,0.22077923
27dbf42fdc9ef03a,0.22619048
a6ba5ba6d1870291,0.20833333
f1d17acea46b220c,0.415
937b40a79d134697,0.37068966
2e66f6f39c988a91,0.39814815
870e8c4a588b3b89,0.3640625
031f74d25a1e670d,0.24666667
5a2dabe3a14d82d1,0.20588236
4cb3d5ab8f701e5d,0.215
09c7125be13a4b26,0.27542374
6c8d932530866c64,0.4673913
2d1e4f658e454970,0.16818182
31641d5325267caa,0.46153846
dc1e6d1a5a15f9fd,0.58189654
7d8f5fcc5ae0b79c,0.415
ece3b18aa891b013,0.29807693
bae2f0cc3ffeef0a,0.122727275
8db0820e1e2e09b0,0.36057693
3278b4b84b5c36f6,0.45895523
493855564d24fc3d,0.53125
9f253a9032cbd84a,0.34859154
556711e7d50d27e5,0.5564516
19f82a4190a3281a,0.4642857
1e55f789580c070d,0.42857143
4366c8bcb9754404,0.2761194
b1775e11cd27c7be,0.325
0d913b4c0251de4f,0.34172663
3d4cc263f00a9466,0.3324468
f880fc5ce9eb2a2c,0.4551282
0899c6f1ee8260f4,0.4329897
497865032b2c6ea0,0.38043478
50d9c5d10e11a921,0.30985916
9c78ae225874c52e,0.16826923
1b5f1081dc6f6f93,0.2977941
1555429039a6461a,0.33888888
f6f4ab30e5ce3f20,0.4
6f0fde3e82c37edb,0.31
e34d6fde868bc02d,0.125
5e5c7692b8167f0b,0.3375
42771359982a7f29,0.39634147
477468b6dfab997a,0.21875
57ef839b6e456a6c,0.3375
f3db42e5957560fe,0.13636364
87feada072983f49,0.1969697
f86671c71e4874bf,0.2837838
02c194d3b6072d4c,0.48798078
67fd52f107af2764,0.3888889
274a0d9f47936f26,0.36956522
417f78433a3e7b03,0.3716216
c699b8e3d0b4f1e4,0.6060606
0050358fba11f88a,0.5
20636c78cf9292d5,0.43269232
27b8cecd5c95052f,0.265625
6eeec83a2b61bf26,0.29274613
67f2d8849f439dc8,0.25561798
9c5136a2f0b8e024,0.5
cbae537e348380d2,0.3846154
783e8c0cda6a243f,0.2807918
5fdfff76e065ebd1,0.34756097
63c5b8fe4831f99f,0.425
90d4cf4fe47137a9,0.36065573
b8d00dc2f6c023c1,0.24390244
9d7d4e4c6abfc82e,0.22222222
80778d655e909aa6,0.39583334
173c5a2cc685c283,0.21774194
8239fc709a094778,0.51626015
e2522bab0da120f0,0.20833333
d9b7e2cc027ff24c,0.27925533
76800fdfe0390a9e,0.19587629
b42dacaab70eedae,0.45
aad768dd31d1417a,0.19117647
3792820488d01427,0.17910448
b82dfa4036a2f5dc,0.295
c726e47968d3b5ed,0.22077923
6b92690ce6b57722,0.74390244
cf696d8cefaccf84,0.46153846
9acf49f7b70dddc6,0.44444445
034a01561cf598fe,0.34859154
5db5511872f80028,0.58870965
5e8db0d31236cd92,0.43421054
26b958da1c989704,0.38194445
dd33ebb9966ddbd6,0.295
42ef994c6ca36667,0.21875
8c303cc276d9967d,0.24090908
407ca82998351285,0.25652173
60d3f4bb44be2f0d,0.425
5e092ae4d8648c26,0.75
ec3f2cdd485e8830,0.18548387
25442153418d7486,0.265625
4a78fd35f66e8f8a,0.75
45901b1bba273b41,0.26881722
6209771863df2922,0.16666667
1b67a02cd2b2ada4,0.19117647
99a9438cd6352ba4,0.41137567
94c40bc943192069,0.3716216
0dceed57e0c1b50d,0.25561798
eb9808afb3542183,0.36764705
a24ccda288976e67,0.625
23004bd9ec4fac5e,0.49671054
8053b8318a20091e,0.15151516
6d369b35673d5450,0.25561798
894ded9a297af233,1.0
2c327777c70ae048,0.275
c227f00b1409f566,0.15384616
4f4406fb4c276153,0.31666666
ccef415a11359225,0.31349206
888dc83248467050,0.49537036
134d369eaa3160a2,0.26785713
1449c87539605c88,0.5217391
aba65ebe1696b420,0.5219298
5cd6843b90333577,0.25416666
74327c72bea1584d,0.43382353
7a7dc24a063b06e3,0.23958333
af150c575e95d8ca,0.41137567
276006149087f183,0.24090908
d260f5aee616b4ea,0.48076922
d468116af9ec4740,0.2977941
517af8acc10cf3b5,0.25
f50c5c945c6715d1,0.3392857
2cb4ad7dddf11c0e,0.5365854
a57bdc866bf61e31,0.16666667
3205c4a616eabe70,0.3716216
74497b41f9cd3329,0.30555555
d19ef3979396d47e,0.19117647
0d4a08a23b50ccdb,0.63125
7fd79ecba5c02f06,0.3640625
2cb6317319de0aa6,0.30555555
237fd088c2ef3cf7,0.52272725
39e7a72e21b2701c,0.625
8ceaa2b5c2d56250,1.0
d846ff2558012561,0.20930232
dcca9621e8b661a3,0.45967743
e629454db5915f4b,0.3448276
50c4248b2218738c,1.0
4a0607b1bd04530c,0.5972222
123ddc597348e4dc,0.31648937
8461b99b311c5368,0.53571427
9e139a7af452e12a,0.25
6083078e97e5119f,0.27542374
4fec9950d93b11c5,0.2807918
d4565b9e49ed41e2,0.24666667
d918296417240628,1.0
1d4442ca999ae560,0.25641027
f763c271bd930a60,0.50328946
46ae120f8280386a,0.33333334
ef86cf4b3db1231a,0.3478261
34d43b8394b9cd0e,0.7083333
15ecff759970e67d,0.14583333
8b12a519743fd045,0.71875
858a43c2601e33e4,0.23584905
95a1c373e7e1ee91,0.25
c2eda2c754ba032e,0.27542374
dc853cdfe0faf6eb,0.37666667
488637a07ea729d8,0.125
3dacc6424ab081eb,0.265625
0c50afcaa7ee1302,0.625
5e229696542e9fda,0.071428575
239045097257c5c3,0.125
8e47066b885bbf82,0.3392857
0e6793bf5620f257,0.5769231
e55d4235558028a2,0.22222222
ba35cc5648840d7e,0.31666666
c0cedfe933f6cb45,0.37666667
6f620ada8df403d6,0.125
36e915055a16b4ae,0.21511628
128c47b39c3339b0,0.26881722
1454188eeaf7ca1e,0.3640625
1b4d79c285ba330b,0.25
a5b1fbabec9c98ab,0.0625
93da3b810f3aef07,0.51626015
eb2e61a1b7172785,0.25561798
a839e51e1c9bac86,0.28761062
67c50153193b249f,0.2807918
a4f3896494c72042,0.3068182
fbc608cef71a09e7,0.4919355
8409d211e74d0e0a,0.2767857
d54182aef98336df,0.38194445
133739fab217247f,0.6875
2b70f711d9f34ea9,0.20714286
501a41137d524473,0.55
bfaf249abf95da3b,0.22083333
05caff61ade2ca79,0.35714287
009ea9174793f6f0,0.46153846
b2fc73a7d345f07a,0.22077923
d84dbc7c37a6cc30,0.26190478
7edce7439d745e5e,0.30555555
5a1b9fb5edf7afe4,0.25
b0cea5209f3f1b69,0.30952382
8bc05a656990bb89,0.2
03857bfc8915d6e0,0.33333334
c31c770b8ee191d2,0.15625
8ec59afe4a851011,0.375
cb35b9ca07fc31d8,0.50409836
0b588e3abe2dbb49,0.30135134
b32c498ab60b8977,0.4722222
c0f48579d1a6fc90,0.5654762
133453ce565336eb,0.2638889
9c69973d328dbf46,0.38636363
90c49dd6730314f6,0.23214285
ebeb597075ccd3f0,0.5
e14a8bf42684395f,0.25
83fa8251db600fa6,0.6145833
bd6ae8138ae9c8fd,0.1
9f0c5bcd63fcce1e,0.29101562
09bcd0a8fc701fe3,0.5555556
c419875bbfa7bbfa,0.25
de732e6b39168f75,0.26020408
e9b7d7f5047468f9,0.27272728
fa962deb2543da85,0.28761062
66c7d6f5b3e3f48e,0.3266129
b6b5a8c6bf273da3,0.24090908
42404abf7b5c5d8c,0.2
6c035057630db798,0.4329897
84f54058f5cc13e9,0.56578946
bb994dbd084a4de8,0.545
7ce5930e3f5d17a5,0.25
7a5f3fbe5c5059ce,0.29101562
d2c3689970e73f67,0.25641027
3d491434d00ef32e,0.31648937
d6565f39342a69b0,0.1969697
9e48dcf28ed91e09,0.625
fd38a84daee48580,0.27083334
7868f55cb35297ab,0.3
10a64a8d32e76343,0.295
554fbcda56e85c58,0.2807918
6cf8e3d4c936b2ad,0.64285713
c109103e2adbaa1d,0.3375
9ea3dd9967d31174,0.23557693
2f59b14aeef7b9d2,0.3392857
4a1e98902f14fe18,0.23717949
ff60005c6d3ebb16,0.3
a853ac8ce8f5e9ef,0.32692307
1d0ae496ff979a0d,0.4680851
c146bf054da23008,0.5
bf9bb697eca195c1,0.4375
a66cb3099f4b34cf,0.3897059
e1c9fe53fba607f7,0.13157895
d7952cf6d4bc6cde,0.5364583
c1188c1de44f6246,0.29166666
3ed82dbd58dae51f,0.2767857
16480bff1583d8c6,0.21212122
25ef3754da51ad19,0.2807918
a4d1e71c81c47f26,0.17307693
06ac95d3170d4df6,0.5535714
955dbe2a594110a5,0.057692308
14b732ff0bd0aa27,0.19791667
18dcabb3ed198517,0.46969697
69bb82d4800914df,0.25
0062fb9c026e678f,0.17460318
dfe23f93694fe55a,0.34172663
555c135fc7362f88,0.52272725
86e50633017bf85d,0.34172663
fceaba9198e30f8d,0.50595236
0eaad88fe192ccef,0.2840909
3d48533ec1ca465d,0.625
efc2d64e1f6afc9f,0.12676056
0e38f7ddd1a9e733,0.51626015
44f963415e3f3250,0.5322581
979ebda2c79b19cc,0.4107143
3a27c36d27c7068b,0.3324468
9e9fd37c14af9ddb,0.4375
39fc296dc4582c0e,0.29347825
9e17cf3777d70833,0.41558442
547d060a959349f2,0.29347825
2694974481b064cb,0.6034483
2c5da230ee47028f,0.3172269
b834571177ace94e,0.14473684
a12d9cd37e0ed5f4,0.17857143
544af016c6f713d7,0.625
4c03c7770ed3bcb8,0.34895834
96db7f519e3c8b01,0.30769232
1775e4505c197ece,0.375
6ec4a61bc2e2bf23,0.5147059
ed4a282e7990b286,0.2685185
8bcd5702933b8ef6,0.6060606
e2402427f1589d5b,0.31962025
e0b548b53a2e8b4e,0.28761062
983406869af8aef8,0.29
f4924f852fe0acc6,0.44230768
48552f79ae059dba,0.29831934
edc7ea8db7de7e42,0.30555555
f0afee8d14f18797,0.21875
3fdfc9cf7a03e259,0.6666667
b3f366f6a0428362,0.29545453
5a5059ed245dc7b9,0.7083333
630e42703987e95a,0.3030303
48c0cf29ea818a7e,0.59615386
fa5fa19370a39823,0.30135134
b74fbf6ea6c302fe,0.5
12f4da4bf5b1e3c2,0.036585364
0a5c9cab09de9020,0.24019608
9b0afa262b268b94,0.28761062
31560a9a44b8c43a,0.37272727
486b251bb9414111,0.2840909
f520cfe259298344,0.21646342
87d388adea6b9305,0.3452381
f010eab1ea9d9c99,0.4375
92bc44b3f9ed05d1,0.28761062
e60fa1982d5caa87,0.125
a16aa8555e64af74,0.17857143
5af1e041028d4347,0.2672414
c6b54254af06a5fa,0.16826923
31c646ddf4bbda34,0.17910448
0ea7416863878ffd,0.5714286
6bd5412621564081,0.23461539
9da2187732ba0e78,0.0625
15c0dd3e629dd3b2,0.6160714
b30bb3cd2e6aa7da,0.24090908
771068f2fcb93f2c,0.3515625
73fec87192a430d3,0.875
2e3f7af9c6f43e4d,0.31962025
07c79154cb07fcc1,0.22222222
cca1f9b985fb62ce,0.215
dc292bee0ed278ba,0.23076923
22f17344f55b6155,0.21875
dc99a9d54c76d88f,0.31547618
916ce7e1d6f09aa6,0.50409836
8161ea60a4fc0c00,0.36363637
360359e9e6cf490f,0.13333334
1d73ab29c54cd191,0.59615386
ad084d59fdbd0d6b,0.16447368
7ed9de41973dc706,0.23076923
a24eb0599c3ed581,0.28653845
df996e82c5a19991,0.2761194
cf0e416684f1bac7,0.0625
72400717f36d4c3f,0.33536586
6631d94c14fd4b84,0.36643836
eb5513d812da8623,0.47435898
c33405413c2b36a8,0.54444444
437dc2fb2b2b6c71,0.31962025
a23e584c8ca86740,0.3950893
570dc1adf9c1438a,0.29831934
bff602faa888016d,0.49671054
41f69ca129d0beeb,0.19117647
f030009ac7858e1b,0.21875
56caf32d9936c4f0,0.30555555
7a6871d8957e9b7c,0.25652173
c6148bfda82bc1cb,0.31034482
f9320a5722f6e5b0,0.14705883
fec45aa852e18e50,0.50409836
14a8396f2fb72094,0.30833334
fd4158caa9159db1,0.34210527
89161ff8dba5a202,0.29347825
114c0a55930c2673,0.11666667
6832f33dc309e829,0.3324468
031c07afc63deb5f,0.6544118
95e9a2c5de8364d7,0.15808824
91a849c252ea0e12,0.41525424
e0804d0288b19289,0.45
a2ef25014e899131,0.55
93b4068f197c7093,0.31666666
a9673766a3a7b505,0.15
98fd464cb982bd51,0.53571427
72d8fa7496a679b3,0.24019608
13d70ef70cc1fd81,0.44047618
ace75af8f3772c4b,0.0
fdafba0d259b1ea8,0.27083334
2de1dae4e1dd09d2,0.21710527
4f9a209cf67bd284,0.4375
f00f8f58c5a89176,0.675
b9c0461d2e54b408,0.38235295
16464e174a034edb,0.37666667
a5399630159ca5ec,0.33
78e4434e9ce0f497,0.30555555
07472a41a3535923,0.2807918
2ccdbcf97f937f0e,0.2300885
3ad65d80cf4f9f50,0.24090908
a73d2b29b7718af0,0.5086207
ac587b555fe3d719,0.31648937
6178714a0c9ef5b6,0.125
4f4633b5d8829888,0.34756097
913e2562771cbb0c,0.175
8e1386cbefd7f245,1.0
b9d04107b849bae7,0.2837838
3addc0e5f3fca0f7,0.6125
2f85ad1a31099241,0.29166666
82bfa5af2db95dfe,0.4722222
4f32d42fcf4c514c,0.3392857
047edb198a369ed2,0.35714287
6cf9bab125f324c7,0.22222222
3b41b96c1611312f,0.24264705
a5121952c16f535f,0.49537036
325225f44023c419,0.0625
608de4a1408dd77e,0.6166667
fae1f09db601b4ea,0.42307693
2c4661be4893b1ba,0.125
658f8bc92aba3228,0.5
494d4994560a0b0d,0.17857143
e9912904966250a6,0.17307693
b6f0930568951f3a,1.0
a0013fc9474e0f0f,0.5
aaec14c12c6312e8,0.5648148
2185abbaa31860e5,0.24489796
c714b1e4d6912d7d,0.34895834
9aaba3a49a1d53c8,0.5
1ba0f740b01fb09b,0.52272725
34992f56684fe9ff,0.28761062
a8cdc334840c24cc,0.29347825
39fef6e156975802,0.29274613
3a68fd001573e8a9,0.59765625
1c8b59cdc9c0410a,0.29166666
3cbfe77ac3e4b1e3,0.3478261
f285689c13becbd6,0.14705883
6514e62031ecf290,1.0
b3377e8606672419,1.0
e6492b5ab49e400a,0.51626015
3c4e8cadfb2e61e3,0.1590909
0425942982e26a78,0.59765625
30c636d13d868b7e,0.49671054
f1c0eb9d446a29ff,0.38235295
fcad6a7e5f929bda,0.34
4f8e15f660b571d9,0.29101562
9cd9e8ddc75f4c02,0.12951808
a9b319d03ce2ce68,0.5364583
db7b8a17cd2e7de7,1.0
ce7070c340003780,0.25
f02d4a4032cc5f17,0.18
6b903a989c7d9707,0.25
a47507d44f6dbd07,0.75
f11763d058c7b38a,0.375
8d610834de71309e,0.44642857
b0d333cdbb0b107d,0.09375
0f534f2c9aa33577,0.36643836
c559a872456dc151,0.21875
baa8db264201b187,0.25561798
d36c5942548e85cf,0.2244898
69f163e0331cf054,0.25
4c6c4f4cd02bef2a,0.41666666
8de41413236be5b4,0.3881579
3173ada5c21639b8,0.31648937
24b8cf7749d151e3,0.41666666
bc39f17083f09d80,0.21710527
31b2fd697cfe9d06,0.24390244
beef1972727d5762,0.31666666
aeb45139cb0e1b80,1.0
399231bf5a63b918,0.875
8aae44507a1b5a17,0.3375
e1295527cddb4a7e,0.41666666
6af4f2d9506545f2,0.64705884
0168870153e0b69f,0.3125
86def999135ac729,0.27542374
9c2a911019949e74,0.0
39e3cc097d25eb9a,0.30135134
29b35e9b0aacb90d,0.24390244
15c85fb76780fce7,0.29274613
935bfc010761c2b6,0.097222224
fbfe99df8a10d5b6,0.51626015
29c8bc54931a71fb,0.4551282
704ac9ae9cf93c58,0.53125
36645ef399b80cbe,0.29
62721a7e01ecb8c0,0.28653845
9b723fa892519f97,0.5769231
89cdbb7e697c2268,0.25862068
019adb4d48cfb69f,0.4375
17a99f353c227bb6,0.23809524
48c9a96ee39146bf,0.6875
1b756abbf372bd77,0.21646342
21da26df49855d5f,0.36842105
5455a61bb64f00b9,0.3392857
8d3690a1789e1d7c,0.54545456
682253f3b2b7f320,0.45454547
02b5f10c83215765,0.38636363
4730cdb0e64192fd,0.48076922
18df91d693ac5c21,0.34895834
8170ec2ea971a043,0.75
cee326e8cba55a31,0.375
6d81ecea4148f495,0.54545456
52bdb8d87e4dbc6d,0.25641027
039d013113162d3c,0.34615386
e66f1cd891a382ac,0.49390244
0e1f73a2c0ac42c2,0.48958334
73297ec8612dbc00,0.2807918
a0ff8a87cc1c9417,0.45833334
86026f2d8acabbc3,0.23557693
2d919f1b57ee563f,0.13636364
510ae9e5388d1bfe,0.2857143
04070e29d2217953,0.2837838
239e1fba20bb0421,0.515625
77449a8bf222f199,0.36666667
4329b8063a3e85a5,0.4375
aadb52c86d709afc,0.3043478
e04e525a3e82bb7e,0.16666667
9cbcbfb5377b4433,0.5833333
c312d8ff18531f47,0.22
5d8f3aa8499fe9ab,0.2807918
4ccd242eb3e928a4,0.31962025
d58076c978a09adf,0.43666667
886273b008e55eef,0.3392857
d4d3380e633f67a4,0.37
8b50698ca4427af0,0.23579545
05bfb9e1ba0cfb56,1.0
fe84e68d63f9f51f,0.17857143
df307c4aa7f93ee8,0.30135134
6527038d8756453a,0.2
64b53a4d66d2bb66,0.5681818
ec27bea6c4034d86,0.5113636
938a84fc3e4c8d1f,0.29274613
4e4af562fd5b19fb,0.24626866
a8cbc27f54319bbc,0.3266129
ee8ef08748b671f5,0.45
03d77630cff1f801,0.30135134
1bfca93f0b8cefb6,0.25652173
54fab50e96459cc5,0.25652173
24fd6298c2716aee,0.34859154
b2e53855f1b229f7,0.625
8be60d567bfe7356,0.55
8bea2f193ac793d5,0.3324468
5a753120bd59e955,0.4212963
d23c81cb54ab2dc8,0.28761062
68978eb160c03c0c,0.36309522
465b0a00b0b4016f,0.0625
eafc5acec2d40a8b,0.2195122
74118be5a78e276a,0.3883495
5046b5c492f30f94,0.27906978
737d66a946589605,0.3392857
a42d6f5004023268,0.23684211
2ca2d5c7548d9e1e,0.2300885
4ee1c0f837e265a2,0.41558442
dcb036d91452596f,0.38636363
dcaf9553fdc976d5,0.26881722
d929486feb053061,0.25561798
138edfda997fa310,0.26086956
d1c02b42eb8b7152,0.30833334
bd03658d28a6d9fd,0.2767857
f208c605d07b3a1c,0.38372093
77afae7bb0e2e91f,0.12951808
e9a4676a697f0020,0.49390244
7b91a570f1fdc021,0.3172269
b1fff2d1a204a9a7,0.27925533
ebf56922336115e6,0.515625
7e560c8cceb24122,0.5
2443ab8be483020e,0.11666667
d1cfe7a605da97a3,1.0
3cd93f607af226ae,0.25735295
25e990149d6b1f2a,0.30135134
f7f922f3de45750d,0.1875
e4d9451a8923ea69,0.20714286
b5ab3003fe70d350,0.34
7a93e24f1946c1e4,0.3392857
e97d78c2b60f3282,0.25
99fc8451e0a95701,0.20833333
47fdba3f69c90c34,0.26881722
b085e1def05b498a,0.34172663
cdcff55197fa1e63,0.50409836
e0e99f24377096ce,0.27469134
4e74746249f69258,0.19587629
6363ab7fefa42dcb,0.40789473
99d8f4f81de5a826,0.2761194
2451a1066a61ba5b,0.31343284
74887e089857b1c3,0.3897059
2e1810059f0ef745,0.295
62423c318e9a8621,0.25
17671fa3d2705578,0.39285713
f18bb1c804db23cc,0.45967743
77674ff61a65348c,0.2761194
7ad8b0e663ed0ab8,0.4919355
394faf5b72c75813,0.415
91d9a6d2798ffd5b,0.0
0dd3821d74c6474b,0.23148148
5022d604886000c1,0.49390244
bcf9ea2dc0276611,0.57258064
e4ac236798a897e9,0.21875
1ea7e8e977184f42,0.36643836
d500cb97c92de856,0.30952382
0ff1349355ce5b66,0.5
c54c596f37a77113,0.21646342
63c17c0380afef90,0.49671054
f8bbe35c1c0911d0,0.78571427
35af5bd4c66b2fdc,0.2807918
9fb4010bcb41a4e3,0.6805556
2b87e1868b757a83,0.25
2495e6e41186e654,0.26881722
26504d43afc7a3a0,0.42307693
22a33e56272f276a,0.34756097
d3cb71b390012997,0.09090909
0ea9f7166ba46477,0.29101562
52e82fb06464861f,0.37666667
7d41d9cdd8801336,0.41137567
f294c601245c9df0,0.33636364
a111907c5c216c7d,0.4903846
a7df63266a0cd792,0.29347825
66486e9cc4d5e7b7,0.18333334
3a20f8d3a1f35c7e,0.17857143
24b2c39c27e6388c,0.775
21540b3e58e3bed4,0.625
cd842bd947432138,0.30952382
29b3aafebb3ebdf2,0.4375
14adba78f1da71c1,0.28030303
7b5e69f76deb65ec,0.34859154
6e386a308d366c52,0.29807693
3da67081802de435,0.4919355
41efb87adfc47856,0.31349206
1d5458c448552cb7,0.23809524
ab3f28a7f58e4347,0.28653845
451f6f52f4e00ec7,0.24019608
97ebf04ee118e4fd,0.22083333
f309ff34e810d744,0.25561798
c728d431ca8d8ef4,0.2837838
af4ca22f18a3046a,0.29
b92ae85e239ec9d9,0.4212963
d1ddb640b5af1ca9,0.5769231
5f0d3ad704883894,0.4673913
0a9a7ad5f0ca4bf8,0.515625
82d8da83b5807e74,0.14285715
31f1b5d5e78bb542,0.2769231
afa7e05ce8865b15,0.4276316
efcac02f5b11f481,0.3266129
7cf2e1ce2bb8315d,0.2777778
c2cbb4e02a2222b0,0.4375
419cbf5b527dc69c,0.47972974
1de5de18fef51864,0.5
4121b377eb28a8ca,0.6111111
bfd752fafc56d97a,0.3846154
0fce74da2d39e3d6,0.5
3bc3a679193322a5,0.2837838
84b32f7eae79163d,0.31967214
05f5c30065fb5c07,0.29101562
534b9c5434fdbaf1,0.3881579
95d6fb23eff39c1b,0.5
128d12c9afcb8106,0.25
967e7f4574b79665,0.5
396374666dbafb99,0.4
72df512b41230b0b,0.23148148
bb5b20d2e5c95888,0.23717949
2b03977dc1bb731b,0.21875
1b886bebfa9511ff,0.2767857
a44a8da9f768fbd0,0.42857143
b299775908f98700,0.2647059
70d967b11e9e28cc,0.27542374
da2d4d524014614e,0.31962025
6f093225e5e95e92,0.2647059
8cf9c9d450628652,0.53571427
6ed9870edbf68a7b,0.51626015
26dc69bc6950c40b,0.29166666
2a27787b50fcc61e,0.24691358
8c8b8eb8fda12885,0.4329897
eb62675bc15a0d79,0.7222222
5cc394c5a9e5d27e,0.3392857
8f97b240aab00a9a,0.25
246f205660f2c926,0.19587629
d7c79b2ac91b4cb6,0.75
3179562098d8fbd7,0.2840909
df283261e8e795db,0.083333336
919531a038563b09,0.29166666
c9d493492224cb65,0.45
8070f1e4991c9028,0.45967743
7ba63f8f90f24670,0.25561798
a2007218cefc150f,0.28653845
bd0cf3e99c8ee47d,0.75
16ba2f587426942a,0.29545453
ed4f185e0f8fa700,0.28333333
b79b121e1311377d,0.75
b21c50b6b98e4657,0.6171875
7aa6ee0d7373435e,0.29831934
6ffe5e8f1c1007c7,0.47916666
e2b4d19f7d95d796,0.25581396
5762be8da8fbee7a,0.43382353
c02e56a744fd301a,0.14285715
d86f3a96a2fb831c,0.3090909
cbd504c9b55d9b9f,0.50595236
60bf1c01cbe9bf88,0.6707317
14db8948fd131aab,0.36363637
699ab0faa2645073,0.25416666
5a236c2dd650cd76,0.30985916
065fe4a982661ad9,0.4868421
735e6fb2954f3717,0.17460318
39d7e4d542f8cc1a,0.3716216
3724354a8ee3d58a,0.30952382
623c6dd95d4d7af0,0.4722222
708dab55ab9e64a3,0.75
2033ed2dd902255b,0.5
307eb9a55455fec5,0.3478261
7268b197cf049a6e,0.6707317
f130a3c9fcc2e0b0,0.38636363
b2c289b4c971a5df,0.29347825
590463e7475e46a3,0.17857143
3e0b0eedcb09e3ef,0.59615386
d514f96f94da6a95,0.5
4a322adf42baf193,0.12951808
7a6f552e9c6f6096,0.5
43f27f6269780eb6,0.34183672
805b7a6ebd5ca99e,0.2995283
53ee425cfec1e813,0.20833333
7dcf0ab9059f3edc,0.5125
17744371d03825c7,0.35
bdd14360e231909a,0.625
e3d2b587e14d7be7,0.1875
8f503153606f57ba,0.28653845
d42aaab8cee3c11c,0.5086207
0e90623fd84d935c,0.29274613
aacc385098369064,0.41015625
3ba1bd250b544fae,0.12951808
930da6252b65bc71,0.17857143
a2fbd12a274f5677,0.24090908
ff301f8b8c3c888b,0.3515625
9b6a4cefd9fbd538,0.16666667
df33266313d243f0,0.625
c41f11d4f6af80bb,0.3472222
c0ab5dd9ef4fbd82,0.34615386
391881863ac151cf,0.25641027
134167fd2f4fe2a8,0.3392857
d353bc7c955e4a93,0.5
f25f27ca390696fb,0.19587629
de291784dc1faee2,0.0
17d0a0d34964e72a,0.5322581
5d99a020dbe5cee3,0.25735295
c0af88c99bdf0e76,0.19736843
3e8b38a431680d2b,0.29101562
71fae7bb22fea012,0.5714286
17888f3cc14fd0a3,0.6171875
427604a106cca8de,0.35546875
aca2e21bc8686dc3,0.275
ea95fde52813f399,0.31034482
4799391e0d73085a,0.4375
aa40ca93cdec320e,0.59765625
ec51ee2fefc1098b,0.3375
467aa4f3c70cb08e,0.47435898
9c330671719b20fd,0.41137567
29b1cc986370868e,0.43666667
1aa9ec1ff28afc7c,0.1969697
a30482cf89d81df9,1.0
0e06adee9adeba76,0.45454547
4b748e68f97b7c2b,0.2647059
d4fd61762b4dc475,1.0
7fd609af72c6c81a,0.29615384
7c27776627184a82,0.24603175
09780d2642451395,0.45895523
403f8a6c6c5421e9,0.22767857
1dbb1197c284cc9f,0.31349206
092df86d26f3c4b1,0.25
24d534c04de9b5ed,0.5769231
37b92271c9c0e0b4,0.21666667
c18b13941134b7dc,0.5125
9d60acf70dc5f68a,0.2807918
3ff0e7a35015be69,0.28125
57902b0a78028ce1,0.3881579
141a9c7a7bb0d6b3,0.4919355
97cadc2a1c1f3232,0.17910448
704bae9f00186e0d,0.23148148
58ccdc3396cad1eb,0.125
32b37434966ade0d,0.75
0630a6a13a955fde,0.2807918
3f8a0a12eb52904d,0.05357143
a6e7f726cdaaea62,0.2857143
01ab22567c2004cc,0.4375
7642f243652c7998,0.46875
431ffaea5836ac57,0.35714287
fdf1fe81fd7d8dc8,0.3716216
4fdff41dcdc9103c,0.4903846
df185da5953534e6,0.5365854
37e2ed92c9ef1d57,0.6875
957e694a38e0039b,0.29347825
82fe0844e31cb622,0.27906978
3643edb1cafc8582,0.19512194
97aed87f782bd2b5,0.1875
15b2bea46d278dd7,0.53688526
fb5723c1d095a4f3,0.28653845
8181866df8bf9fe2,0.3068182
53e32e039bbaf814,0.45967743
3c6222c50b3c3957,0.27906978
c85d4734bde555f7,0.25
da4c0da180a4380c,0.30833334
d7d16ac106158175,0.16025642
9c93ec1c5bf48391,0.35714287
f567ba1c976681fd,0.34895834
18d341908e4be360,0.14705883
c909108494de33f6,0.6785714
55f379fcca060969,0.43421054
fc2edabda835b9bc,0.23579545
4b590209bd6b5fee,0.44230768
52336d95973e63b4,0.0
eedaa061b1ee7622,0.46052632
6f5031358d1fc669,0.2244898
291ad4d6b0d96ddb,0.425
977d5ce8e0b637b9,0.19583334
0bf7a68130117d92,0.35
1993937b3ad57529,0.375
ecaf479135cf0dfd,0.8333333
72a0eba5969900c8,0.55
c8c81c9b95ae570f,0.5416667
2ebb8a42448cf2bc,0.2807918
87e9e1b7523c7915,0.6875
6b43558bbb2bd42d,0.5763889
8fbc80e8bf1fd38b,0.4375
f297ea79eab86071,0.625
d70c0d16a97d5248,0.4375
64ead0dc7348c184,0.42
8d135da0b55b8c88,0.41666666
cad40fdd4d025318,1.0
907622d8590d329d,0.44852942
1c6758f2f30fa897,0.625
7dca5ccc969e2fed,0.25
728e7cfc0197c40d,0.415
0715d8548164b85f,0.3266129
015dfb5181b8ee97,0.4107143
ab699e9b7e585963,0.43421054
1cfaaa8ff1f07f71,0.33333334
15f77915a2311a90,0.55
7d32e5d54fe2b736,0.32142857
b5b5d6942a8f7b76,0.54285717
5c98652c39c8da95,0.5763889
de0093f39106b2d1,0.34615386
77d6257d73e5fc09,0.3897059
9c886073f415a09d,0.3
5c533f7bf570d03b,0.2857143
d71d766f5601ca5a,0.5416667
9336b1605841b38f,0.17857143
b334aee6f544555d,0.31648937
dbbceece8bbc8b13,0.7083333
1319bcd0af318706,0.3026316
e344ec50331b35fc,0.25
462481d4701c12d5,0.35714287
2fbfd8af7f6c9749,0.27469134
d20bc1ce8ce8c8be,0.14705883
53ee605e444b98b1,0.425
3c5b6d9e7da5546f,0.41666666
f326de7e7b03f94a,0.19117647
293b9697c239264a,0.31343284
073ae5e15abf2bcf,0.057692308
48401f11aab2e1b9,0.3642857
d9b8a42fd08357cb,0.25
7717c4e8a9acf53d,0.15625
769fed0bea34b415,0.31666666
71cd168dc6eace57,0.2995283
251ecd1b031b4b1f,0.875
b1213a1399af1e86,0.31451613
56e17540d7b32b71,0.2972973
8f563d32e0c67709,0.8333333
06c0eab5f57550c5,0.40163934
a0dc73ab23c905fb,0.3515625
11b22d98482a6502,0.4
16d5b81777723dda,0.5
27712c4bee155488,0.21551724
7b5f59bec688c981,0.96153843
5cf914c652861a58,0.16964285
f544d01b8b432d69,0.37
264787c70faf43b0,0.5625
4825b7eb2e8352f5,0.6785714
e290eda00aaf6ef6,0.43666667
0d3e5ecf22e466b6,0.1969697
8bf859e761442958,0.3068182
319071da99af86a5,0.2767857
f134fa123521fbc8,0.21551724
f7bcdde8d3d7a29c,0.5540541
c40fc45f42d8a115,0.50409836
06f625a2fe8b9c59,0.375
c26b7f2b0f920f79,0.36057693
b9a5a4bb6156616e,0.34172663
0f642c8654f2f2a3,0.27925533
41a9746d09693954,0.50409836
b0ec4e221a40e98a,0.16826923
a2b722b1dd608422,0.41558442
9c1ed8d52293f3f4,0.3375
4c7582b58660a761,0.32456142
02d031968ce92f42,0.22727273
91092512699c5b6d,0.625
46bdf460c5ec61db,0.5
0f2e1a6a4fcbf393,0.51626015
c25c7d7311a752b1,0.36057693
bc4d1c7d5ba99d65,1.0
1d3cadb81858a8f4,0.25641027
c0695163710c4a0a,0.38636363
25c555ca3d5a2092,0.21666667
255eedd96bdc0b4f,0.3068182
06cf1ca67b6e0b06,0.010869565
a4af9d42418414be,0.21875
ce46bb63d03efe33,0.30555555
230faecb1571bc5f,0.25652173
232aaae7d92eba82,0.36818182
35cda76b77bd64ca,0.6304348
99f97f54f8a66dc0,0.21875
fa6949b34d8086a8,0.51626015
4a9a1dd575ba6993,0.5648148
2da80eb8fe26f61d,0.2244898
3131846dc1b18ec7,0.26881722
bb1005d7cafb9143,0.29545453
9d2cc7caed4788ce,0.2807918
27f26df614bc9ce9,0.22083333
864fa75be2d2dbe0,0.39814815
f0be12f6d89b3645,0.26190478
cfad8ffa1f7035d1,0.23148148
87598728e2627c4b,0.5277778
c2165a47fceebf13,0.375
ed94023ac3a41d39,0.41015625
64b0aa6e81d6a261,0.58870965
049e78c72719919a,0.39583334
206d3ca4691ae7bb,0.27868852
5b06bcf4e5b1b80c,0.39285713
b3d0a93671844efa,0.40163934
57d019f8d5fb8d48,0.35714287
3d270ca703da04da,1.0
728b74b6af5d157c,0.48809522
11c143e1314d8421,1.0
a9a216df2202c0f7,0.27941176
b77558def14f767f,0.70454544
6b2d8b1caf87ba6a,0.30555555
327bb9d6f60192c9,0.25652173
f9df32981bd65033,0.12951808
e8d13dcf12af8ff5,0.27925533
1a4e3f4425640328,0.125
84a775e581f9c5b7,0.24603175
2a6dacc773d33e3d,0.5365854
9d2558f365745909,0.34859154
b4ba82ad85fba1d4,0.5833333
2d703929af6f8750,0.23148148
88e51c330e0497b5,0.5
1636e3d02fd80c98,0.45
060d90934e3e4fdc,0.6125
71547916887bb7a2,0.041666668
87bb627d8ceabfc1,0.34615386
42cd225c69a27750,0.2769231
f51e2d8af5bc312f,0.5
0e4114363c07a7c3,0.27868852
dfd2950254a7dd61,0.17857143
5faf9b7dc61b8b66,0.171875
c818d49b6ea87fd2,0.625
b47d3c4188f7ce69,0.75
56ec5453e89eee85,0.27083334
c04e6cc4a4d05c74,0.2995283
e6e663f5729bd024,0.2735043
e9e83af78b90f752,0.5648148
77715b78bcc71432,0.4375
51a69495d1fd3fbd,0.44230768
715186e4b594533b,0.27906978
9306a6f3e899b156,0.22767857
e00c0da285f53e17,0.15808824
68e22070e0b6d74b,0.5375
8c26b544aa51fa81,0.17857143
89c66cc5829196b0,0.11956522
a5cfe41743fbbb0a,0.30555555
52abd3e891ce96fc,0.21153846
3a737c871dd7c9a7,0.44230768
2eb0dfab89de245a,0.425
9736f673c1078f5b,0.5833333
6bc89fdb160dd4b9,0.43382353
a3380082c92eea5c,0.5277778
977a0429ca2f7dc4,0.25561798
8bcdb5a33d13e9f5,0.24489796
bb84acfc7365f91a,0.48809522
5d3dbc3b71d6b0eb,0.5972222
77d7c99f4f99dd61,0.2647059
ea5199f46b8a5b2b,0.3888889
20941e54aea03b69,0.29101562
13a703fff4093a8b,0.19117647
d925d69afcf9c0ee,0.5192308
583531649a497759,0.16666667
11cc51f16242f3b3,0.4919355
c591fdbf76471229,0.2857143
53897ad418dd7222,0.21646342
121e18ed7d45f2cf,0.21646342
a3f1eb15051e2c1e,0.43382353
12aa6f320c8e1de9,0.27925533
bb05f005a01dd113,0.3292683
057c6b1801339c77,0.2735043
0d6e9cda6f40b75d,0.51626015
e88c0a2a94b03230,0.5625
217a2f8abf72d659,0.3883495
715fa369662cfee2,0.6032609
d3e314d97d3a41d0,0.31962025
98a7bf3e360d19a7,0.16666667
4ac713aaca54969b,0.27906978
af626953c0e7f6b6,0.23579545
9ba92c2a93493860,0.2857143
97a447ae02a0aebc,0.44047618
abd4cf8c02cd7339,0.25
2f71c343db9b6c31,0.3152174
e9053172e826ba8a,0.28761062
d83394c5c135606b,0.29545453
5acb1aa569c105ef,0.4017857
8eb70d509a2b81a6,0.24264705
f6a2edd874b05820,0.40789473
d4972487528b224a,0.3392857
0439951933dc142b,0.2735043
44f7a7e0d41c6769,0.17460318
5597c2525223c13a,0.50595236
15d39f08e9179e9a,0.3090909
5f4d2594ce8db264,0.2761194
ef624029ced3e0ee,0.25
6ed24f61a7cab746,0.25531915
0c2bc7059adfc8e2,0.24691358
e28758423305b605,0.625
71ac406253bf6570,0.30985916
b71cb344fae3f5c3,0.49671054
2046cfb9456f88f0,0.54444444
234c5c2d66e8ec54,0.5769231
0f56aa5226f5f641,0.25652173
59889174afd20996,0.31648937
610ebf91694c8cdc,0.44230768
277c0f8c18c0c16d,0.27173913
3f2abda54c219f50,0.41137567
ca5f0bbeddcc36a9,0.2647059
56b08bea34c51e98,0.28846154
deafe0dab0765433,0.6707317
36495441d9162bcc,0.15808824
5fea14c9518590f2,0.125
6cdd6355d5635cf6,0.38392857
c92c1f5031fed56d,0.27925533
78c7b962c17ec8fe,0.3950893
d0f65cea1b5216ef,0.5
140afd9bb6e2c73b,0.4527027
3004dd4c1f898af0,0.27083334
b9ef3348c45717a2,0.43666667
6a6b8ae3a15f7fa4,0.33636364
fdec0047196e9ba5,0.25561798
2b4258f2227bff6f,0.36057693
2369d2e51ffca72c,0.625
791c44052ca8b1fd,0.3172269
cc25c07f3f47b467,0.3950893
51c44f402f49f2d6,0.16
a9ffbe20b91b4896,0.3716216
5abcbc88ec48d075,0.25652173
f7fef0d854250705,0.29101562
59d710e6fdee42c8,0.36057693
9ceb0e824e6c4205,0.31343284
5a1efc7ef74a275c,0.75
b29c3ae366d116dd,0.2638889
af293cb2c9138930,0.33333334
277213a989548f88,0.4017857
afaa1827d8202f66,0.3640625
185ece831667164d,0.10714286
8a840a7cf3547701,0.43382353
ad60c58d0705710d,0.12951808
a30a0dc0a5ccd788,0.13636364
641407b7c1467165,0.42857143
37223b3cb1121ef0,0.13
fae211c8d1def18d,0.5277778
9ab6299148079d00,0.4375
797e1dc152e9d053,0.4551282
39d33b70d0216f79,0.2761194
3033377b0d171a0c,0.3888889
7fd26f9cdb39e92b,0.25
8c169a7b9aa2e96d,0.49671054
a51ab9a1b3b1828e,0.3452381
73941c11199661e6,0.28653845
5896813ee836092c,0.2767857
810f435b1b7eef85,0.27272728
061c3763019f99c2,0.30833334
8bb6de8cbc17c465,0.50409836
68fd6e60bf1f6c55,0.29545453
da0e174b7ff7f9c7,0.295
f29d0a9a55f4cfc6,0.4527027
2549333d986a6bee,0.28653845
90d4cea34146c431,0.5219298
b48dba39645a309e,0.19587629
87d057e2ac9ad002,0.25
df81264cafb226fc,0.32089552
99acd0208a512d3d,0.38372093
5c1570dd71f0621f,0.31451613
0e8238c34746f7c4,0.1875
cd8189ba92ded972,0.33636364
91dcfb9594f6763a,0.2995283
30bf60df57c60a32,0.415
5bbb439439f197e2,0.50409836
6f92f5557cc8e52d,0.4375
228bbc8104800ef0,0.31666666
ce0bc65f6ee01452,0.22767857
7dcfa1ff2151c1be,0.675
adcf277eb1834f7a,1.0
0b179a4f953e0dae,0.31343284
7ab2cc200cef4e7f,0.19583334
a235f8c2da53a30e,0.17708333
040a0d8222ed70a3,0.26666668
6696af3cb33ebf3c,0.30135134
7dc97d4f1f5353a3,0.36309522
b26bd6cf2f42ad6d,0.42857143
14888d6f1478edca,0.26190478
ecd75f9921e6badd,0.234375
46bcb7b108921d53,0.29831934
c3370632512c66db,0.3152174
6f04c08b8a3faa75,0.43666667
c71203d3d15267a6,0.53571427
6a4830916b201706,0.49671054
9450e2bc3bf8cfcf,0.21646342
0de4d8be5c645d43,0.41666666
ebf19e1fafa84b94,0.53571427
327a0ea82c74258f,0.5086207
0efbb173225ea408,0.3125
deb5bea8e9946405,0.29545453
2446e5eb6fb270a8,0.23529412
7a44b0c72de50816,0.4527027
852fd3cd643f6f2c,1.0
becb2d9f16fe32ca,0.23579545
93f3ee7208e5e162,0.29347825
b1110305c1baf24c,0.27469134
3b7e6755799ed874,0.3897059
0fbaba78a3fe8920,0.29347825
01189dbc6fa53275,0.38372093
1bc0f1e6fcec77e5,0.26190478
158f2e8112ffe52d,0.17857143
fd551775896af1df,0.15
1bfcc0c127de6a9d,0.1
59c0d33ccfb4f873,0.35546875
07e19fe5c871776c,0.31862745
67ebc376647e6af1,0.25862068
1ee26fce21bd19fa,0.25
a810bfa7e9c05188,0.17460318
6d1cd4ee227cdda9,0.3125
b9e6f3092008114e,0.5
7d0f3ca4dbe89360,0.4551282
14d69f3548d36186,0.3611111
af207e788e4a3a2f,0.265625
88a352e479b7e3d8,0.14705883
e679997b381a4fee,0.26020408
ed4492fe5eb74c0e,0.24666667
00bd56b22d8355b8,0.75
93110b20bf637ac6,0.3266129
892627713b54d1c5,0.54444444
2e47d53d90958f46,0.097222224
93c75127b703972e,0.24090908
4b94326cfb0ed2ba,0.3888889
01e10ad9a0e6d611,0.24489796
c26e47e697d9c30b,0.16818182
740e3978921b55fb,0.21875
ed49ae16aa1ee24d,0.0625
6f42ca711f34d3b4,0.46153846
eb939360e986f887,0.2837838
fcd0fcbe648821c7,0.40163934
8389707f1d90a66d,0.23461539
9ada39265cbcef75,0.25
f83bfd6378e6016e,0.29101562
4e6f02e3d8f2ec75,0.27083334
e6c960bb80a0349e,0.3324468
6841c15fec84bb97,0.18965517
496faa8d92e92a62,0.03125
155570d6989b87bf,0.25561798
42cc502ca29a9f45,0.14473684
9524d2518697332a,0.545
0e003bd326a1770a,0.29347825
19cd1ea44e0a64ff,0.6875
a9b21b21c5076871,0.31343284
1ea172213fb3de99,0.27272728
acb0c2fc0ab0fcac,0.415
a04170c1dfa2e178,0.41137567
500c0935b43eb615,1.0
a0f995e8de99ca6b,0.19117647
6c2d948712318961,0.5480769
cc84245089c0bd21,0.19587629
916ca6c5f3bef57c,0.24666667
b2b3611f72820855,0.28761062
86c567bffec73451,0.5714286
8b5be0b25772a846,0.21875
de46e31c286dc860,0.075
f046a69d8774b74a,0.035714287
5d305e60cf938e62,0.18333334
59ac23283a1ca7ea,0.425
1f2196ef27ca7211,0.50595236
eed9462623ddadba,0.49390244
7eca354875202d2d,0.44230768
baba9c4f0962c4b2,0.17857143
b4634bfc24c614ef,0.14705883
2f97d11d62a42d9c,0.29274613
fcee696e275bc221,0.23076923
c8c3007916b0e3c9,0.9166667
6eb9f94e0e756b96,0.071428575
188ade4f0862f659,0.22
1f856e89ec372283,0.28761062
d90e449427ee34eb,0.4329897
b475ebed2d44333c,0.27868852
b35e12fbff2eda63,0.34895834
fb308b05686a9dcf,0.1875
ff3adf0cb0ac24ee,0.30985916
fb6611a390531d4a,0.2995283
b86fd059cdb4e872,0.065789476
5a443ca96125d612,0.36818182
926d18dd42dc39da,0.4375
f98075165617b3ff,0.46875
3c8d3bbde3ba36bd,0.49671054
159a29244431ba95,0.15
90c597094c63062d,0.675
70001b5dff23c73e,0.071428575
634cc5ea3ec21ec0,0.33888888
85661499cfbcbc64,0.088709675
eff4a590f8424f34,0.2300885
63f38e3fe330a7a0,0.27868852
c3ef4945f87c3761,0.2857143
30ce3cb2ecfccddc,0.0875
5f4ec8267295e5d6,0.22
1b4d05825f423dc8,0.28125
beccac0d899f4baa,0.13157895
30168bb6e25ddf56,0.3452381
3ca64cb8af965f18,0.5
c4742f13a53fb8f8,0.5217391
a8e57c75bdd11984,0.18518518
73a2e15b76aec985,0.27884614
90c93bc688e7932c,0.375
c90d0a2e05ccbf2a,0.35714287
61350d231d52c186,0.50409836
6e301b1ba4f7d1f3,0.46153846
56e9a42a7cb283fb,0.44230768
aef207f8473fbcc6,0.33636364
173a3b64b52b3ff3,0.4642857
082a3eb5d8d11cb9,0.2769231
aeb9f21716ab1a79,0.4090909
4d6df46fcd7a1d59,0.44230768
25fb59765ebf794e,0.24090908
ad833c6df0167002,0.25
676456173dc483a0,0.52272725
32be3d25851faa94,0.17910448
a5b2fffd1a7aa1a2,0.33888888
e68ca67c88d4a669,0.215
d588488ed14cd747,0.17857143
a474f1fcb980a1e1,0.47340426
b9ff8d416bb63760,0.19117647
93a68e0216691e92,0.5441176
8815645f5e67af1e,0.484375
66a63e6f48caa2bd,0.31343284
be89c967762f7a99,0.3068182
946b96c3d9aca09d,0.18333334
f46d39684a383882,0.11764706
f6b5fd901e7a9383,0.29166666
398632a1f849fed7,0.5441176
b769dfbe9cac89fb,0.22767857
0d9228dde094a367,0.44230768
8a933678c68af954,0.1590909
99cfe685d76faf57,0.30135134
cac17375db8432fb,0.46
0af1c928440cfdf7,1.0
1a8262fe8ad008df,0.38636363
a267354e362128d6,0.3515625
228ee68301784b20,0.41666666
16e625adc30b3d5b,0.23958333
10cbe7e899a94387,0.3266129
61c775fe8a5a2186,0.3478261
8905d82b07d18c07,0.3881579
5670d62a88ab568f,0.39634147
a26a4dcae86529fb,0.37
a86ffb3a93b44229,0.33582088
6bcfd7479a107de8,0.2672414
08de61331b048440,0.3
0eb322bae9d5cb09,0.21875
7a8b5a932cb551ef,0.32456142
2471c72dcef661c5,0.46875
bcac57ac8ba4b306,0.5365854
968156441e944c7b,0.24489796
ce13eecd43a24bdc,0.41137567
9073b3ec3622e5f0,0.12676056
826bcd37c215dc31,0.625
f07430b677e189ff,0.55
1088e3940c83dba4,0.036585364
bcfeb209679b4f75,0.30135134
b302afa7b8c4d497,0.2735043
13f0da6aade6b8da,0.31666666
feadd1fd8e365204,0.0625
8171d16d454bd0c9,0.19
cbbeaadf112ca57f,0.45
08f7714c3daaca66,0.16447368
d6e44a85df2151ad,0.6166667
0192aa567263c30c,0.33333334
1dcd09ab84db01a1,0.52272725
aafded2bb9886fe7,0.5769231
47f701010c89c737,0.2761194
fb487dc5a0e6c3aa,0.29166666
e9843405cd94093c,0.375
b39d7129b7e62a5b,0.35
6c2b5fdb3d1d9640,0.48798078
b9b933cadf8222e1,1.0
dadf5e62055ab461,0.44230768
b0ba3b611472d4f7,0.75
b1ea54f32469a170,0.36842105
ba77a337752a8d20,0.3125
f5ff65806be96a2e,0.4329897
75cbf7c1cd30833c,0.52
75215a3c0b51a731,0.1764706
5a6a2a8ee9a41f8e,0.31962025
52b140fb08be9195,0.35
20e1bff83c1f0d67,0.49671054
9ceca5a4bcf76dd9,0.16964285
2f7e91395d34d3c9,0.55
e5d12ba0ed9623f9,0.5
91f0a56215526c27,0.55
958b8e4de58b6c8b,0.3068182
a7721f80954fa831,0.38043478
66766be479f904f2,0.17045455
2a9ae7eeb12cbbc4,0.2807918
6375c6cfd1c73155,0.575
daa3121309a605ff,0.3950893
0dfc3dc51683ec89,0.31923077
a1bc6f8bb1ec3365,0.22321428
b5fa55e436930db6,0.71666664
b13b1ee64468c3ba,0.3
44118f1a218475ac,0.265625
2d404533ff3d37db,0.24264705
d5e6ced99b3fc272,0.37
23d127d18f0fa968,0.415
03143d781858b25a,0.21875
d345702ed29f4128,0.4212963
c0586cf7a8d2fb53,0.2807918
716ba1bf769516ef,0.31666666
9eb803413741db98,0.31854838
e423928d2b4e0f06,0.5625
770dbbbac2499555,0.24090908
7981fbee50cfc7e0,0.34172663
66c668640ac54ada,0.28125
76d53c4671bd8bfc,0.3855932
fa59b378e56a31e8,0.43666667
1351a386c202b299,0.23809524
e6a1375b4f3b2ed4,0.57894737
7d28fb7708a604b1,0.25561798
8aef884af4b02585,0.2807918
aad60c776c371d05,0.54
10a428b442968399,0.5217391
edffd4c96ac6efe8,0.36309522
e1082bfec7bf827c,0.29831934
87267adf7e4e4a64,0.50409836
7333cd29e093fd24,0.25652173
2f4e0017eb051167,0.25652173
7c174bbdf132e1dd,0.25
5620e40ce5c84a8e,0.29831934
3064c0c8b7ad9132,0.5769231
94078ec9e532995c,0.3883495
e658edbd353d1007,0.34859154
97b1b37b2db4ce4f,0.46153846
31dfac6575dadd0b,0.6171875
f7ca26a0bce8000d,0.19117647
08d1fa27ede41c35,0.27906978
2fd74a52c32701c9,0.28846154
fcdcdbe5b32fd701,0.30135134
aded1c57b988aaf0,0.36057693
f74a7e429b2c7691,0.43269232
f8ee35fbf15eac5e,0.2525773
26aeff8305dabc81,0.21646342
cdeea4a3e6b8f3b5,0.25416666
140bb58a926a38eb,0.31666666
a97b457531839076,0.31854838
5737a203d820b9d4,0.6060606
43e97f08de1e1a81,0.34615386
4229ab097f593605,0.75
12c846baef695d23,0.30833334
119fc03615056e86,0.25531915
6e3d6c346944d45f,0.32142857
be989505c442b17e,0.25561798
da4ec3c8ace3ea4d,0.2244898
e6d56d9ab7c3f8f5,0.625
6c29dcf240e5163f,0.36363637
f2b2873bd4369d69,0.41666666
de50104275e10bc0,0.27083334
dce37d0ac7642b12,0.515625
78399e997872d16f,0.51626015
60a9074359180342,0.23579545
7cd12d234e75b90a,0.22222222
f3c5d6a561f34bfb,0.19897959
4d55b06b3ac54464,0.23076923
467cc4cee5c04a0e,0.24666667
46acb7fbdc9befed,0.31666666
5ffea2f665e8d466,0.125
2e0fdd6eba5f022d,0.25
2c9c33a37f8b710f,0.32142857
71f802f0ce25d8b4,0.4375
12ac12131933defb,0.19117647
8d2c6699c35b6924,1.0
d64e684c2ef35ac5,0.29347825
c768bff02820f054,0.29807693
628ee2b571dc2f86,0.38402063
8277afbcb4162f4c,0.25
f98a7564969a446d,0.15686275
743cdaa9a331491a,0.525
b5ada2702d68658d,0.6034483
8aedec092d59abdd,0.12951808
4040905d75e1614c,0.27083334
ec31e3661c21ee99,0.41666666
b23c6f742290ac9b,0.43220338
bced6a863cff8df2,0.43220338
a451f68c81c37a26,0.48863637
c3b8f487a36f3690,0.50409836
bea7a81b11dcc342,0.21646342
0ccce471816f89d5,0.05357143
e8d4b3ac58c6d0f8,0.31854838
6cec948e7ffb6160,0.25
01587f7499ebbe0f,0.38043478
2338a29ea7146d09,0.31648937
c1e29d45c04916e1,0.25
664b0fb26b9f05f6,0.15625
1c2fd26a197ed69f,0.5
f56531df5e55f3fe,0.6060606
02043dec33f736ef,0.34172663
17df672034534b04,0.1375
e0b540d5e23f83a5,0.3172269
ba6d9556688548c9,0.21875
aeb0e7ac4b000312,0.6171875
11a84f089262d3d5,0.27906978
94e246c75da12b80,0.51626015
2a263567205d7e2b,0.46052632
23728d95849abd9c,0.29347825
cf0f5fb9d8c4515c,0.16666667
206b23d1f83829f4,0.34756097
7e337deaec94ced3,0.4212963
4d338f9015443a20,0.21212122
22c429922c2bd36c,0.34172663
95e983d13827933f,0.3640625
dc2ad0418edf02f5,0.32142857
105a655a84c13cdd,0.5086207
bf93dc1224dcd73f,0.44791666
1954e0e66bf61225,0.4329897
20cb324ce13f82fd,0.4212963
4cdcba1d5e269498,0.31034482
14c9d5e9038c09a2,0.375
85f2df4b7f39a4fd,0.24090908
b4524fef006a60ce,0.17857143
66661ee867b345a6,0.122727275
f5d192b34fbd26cb,0.30135134
41c2936ce50d7ee5,0.19587629
abcb842ba4af5d45,0.2857143
1e06a3937f4ec24e,0.43666667
519dda0abe0074fc,0.48863637
835f36338aff4fe4,0.2769231
e00f918dbb69011a,0.525
a487253224c9fcf0,0.31034482
be7d4f244d92329a,0.17460318
c15b76f705c79dbc,0.53846157
cb508d1d018d9a96,0.5
3a6f2ef9a4c5ad32,0.073529415
495c5415e1c539c1,0.39583334
d5b67fec5cc4bee1,0.51626015
ac506fb6ee0cb761,0.23461539
014fa97d3c2948b1,0.34172663
91717438d2d48fbd,0.19587629
bbd5a8357cb592d4,0.2578125
7389365e9daa7bf2,0.43220338
d7d810e8aefd9e8b,0.25561798
2dc1b13a460ca64c,0.15151516
a78efd366fa07ef1,0.3375
bcfffa220bb9198f,0.625
e030067fceead7a0,0.22077923
46cb0f5d2cd54bd8,0.49671054
bdf9be64cd8f9153,0.1875
0c30753af8b6372f,0.3855932
aac9de4b1b994cc4,0.484375
b7a2b764b156cf08,0.1875
8ca06cdec45b559c,0.27542374
eb4a08aa75494012,0.3611111
2ea026f8b0b47364,0.5416667
0759050836619e33,0.3375
38f37f040b5bb837,0.2807918
eedb3bc300eca133,0.415
f52df59d3d5f8db3,1.0
df28af3e36cbe61f,0.44791666
6ba91f199676e667,0.525
2a440ca0e1bb93f5,0.0625
603f715d9fcd2afa,0.25
27fbda11ee29de22,0.03125
d077f3a96d7ec5d5,0.125
bf9413ab0d4cb7ec,0.28846154
9de9389bb9f56c79,0.375
f49016e20b8286db,0.6944444
722e5204a52eb859,0.2685185
58e5d38172d6b170,0.41666666
0208a0dbb7665e2b,0.3716216
d6dee92b79e7dedc,0.122727275
f5aadbf3bfecca44,0.15808824
083076d758dce379,0.43421054
4fbb199b6ee5db96,0.48943663
888700d76255b902,0.39634147
de3c2cfc927b2d89,0.4375
dd80016e6c5916dc,0.29274613
21b057b0020e858a,0.3292683
0f89074cb886abe3,0.5564516
31ee298faba7df5b,0.42708334
498c7abf5a2dab82,0.4375
4366d6cf80f6fe68,0.25892857
3b3e5a67439d79bd,0.4375
61ba66d63b04eac7,0.4
f0773135b6efc4b5,0.2857143
96706f38cf992026,0.41525424
5f10078c1baaf02a,0.29032257
626b5937866e9f5b,0.5219298
865ba7b18a60d2e9,0.48809522
25feb14b476bdabd,0.27906978
0162a8cda2f8fc01,0.54
faa0aede34ad60ae,0.25
865872a9b80d9565,0.25
d68c7c99c10a2402,0.75
5775a6d3351edc73,0.56578946
b37cbe8aacfe9a70,0.34210527
05c9a03c5adf4ff1,0.31349206
5e077e7f73770be3,0.55
4031c505e01d13d1,0.32142857
9fd4d30804269d5a,0.19583334
844bb3e7e3a4a852,0.6111111
109008525d0dd985,0.37272727
7f5790656a47528f,0.415
1a298759c24ed812,0.25531915
222480048d637f88,0.50595236
761cf876ad0cf7b9,0.38372093
607a45d0cfa64e43,0.8
f7e4b8a82cfdd768,0.2807918
4271e638a68e38b9,0.40163934
13560941ec7a7c28,0.38235295
cd72c6cb4f1e2a6d,0.28761062
d8b80d66fd34e00c,0.5540541
e2578e951b3ae18a,0.26190478
cae11dc44884651a,0.25561798
fa4261ac9c6775dd,0.45895523
a6d6f5c6e01479c2,0.515625
6a1544f5cf0e3520,0.45
c1fe4516703ca120,0.2647059
